DP,Coordenadas,Ano,Mes,HOMICÍDIO DOLOSO (2),Nº DE VÍTIMAS EM HOMICÍDIO DOLOSO (3),HOMICÍDIO DOLOSO POR ACIDENTE DE TRÂNSITO,Nº DE VÍTIMAS EM HOMICÍDIO DOLOSO POR ACIDENTE DE TRÂNSITO,HOMICÍDIO CULPOSO POR ACIDENTE DE TRÂNSITO,HOMICÍDIO CULPOSO OUTROS,TENTATIVA DE HOMICÍDIO,LESÃO CORPORAL SEGUIDA DE MORTE,LESÃO CORPORAL DOLOSA,LESÃO CORPORAL CULPOSA POR ACIDENTE DE TRÂNSITO,LESÃO CORPORAL CULPOSA - OUTRAS,LATROCÍNIO,Nº DE VÍTIMAS EM LATROCÍNIO,TOTAL DE ESTUPRO (4),ESTUPRO,ESTUPRO DE VULNERÁVEL,TOTAL DE ROUBO - OUTROS (1),ROUBO - OUTROS,ROUBO DE VEÍCULO,ROUBO A BANCO,ROUBO DE CARGA,FURTO - OUTROS,FURTO DE VEÍCULO
001 DP - Sé,"[-23.5569803, -46.6343707]",2022,Jan,1,1,0,0,0,0,1,0,23,8,0,0,0,1,1,0,327,323,3,0,4,731,15
001 DP - Sé,"[-23.5569803, -46.6343707]",2022,Fev,0,0,0,0,0,0,0,0,13,6,0,0,0,1,0,1,257,252,0,0,5,659,10
001 DP - Sé,"[-23.5569803, -46.6343707]",2022,Mar,...,...,...,...,...,...,...,...,...,...,...,...,...,...,...,...,...,...,...,...,...,...,...
001 DP - Sé,"[-23.5569803, -46.6343707]",2022,Abr,...,...,...,...,...,...,...,...,...,...,...,...,...,...,...,...,...,...,...,...,...,...,...
001 DP - Sé,"[-23.5569803, -46.6343707]",2022,Mai,...,...,...,...,...,...,...,...,...,...,...,...,...,...,...,...,...,...,...,...,...,...,...
001 DP - Sé,"[-23.5569803, -46.6343707]",2022,Jun,...,...,...,...,...,...,...,...,...,...,...,...,...,...,...,...,...,...,...,...,...,...,...
001 DP - Sé,"[-23.5569803, -46.6343707]",2022,Jul,...,...,...,...,...,...,...,...,...,...,...,...,...,...,...,...,...,...,...,...,...,...,...
001 DP - Sé,"[-23.5569803, -46.6343707]",2022,Ago,...,...,...,...,...,...,...,...,...,...,...,...,...,...,...,...,...,...,...,...,...,...,...
001 DP - Sé,"[-23.5569803, -46.6343707]",2022,Set,...,...,...,...,...,...,...,...,...,...,...,...,...,...,...,...,...,...,...,...,...,...,...
001 DP - Sé,"[-23.5569803, -46.6343707]",2022,Out,...,...,...,...,...,...,...,...,...,...,...,...,...,...,...,...,...,...,...,...,...,...,...
001 DP - Sé,"[-23.5569803, -46.6343707]",2022,Nov,...,...,...,...,...,...,...,...,...,...,...,...,...,...,...,...,...,...,...,...,...,...,...
001 DP - Sé,"[-23.5569803, -46.6343707]",2022,Dez,...,...,...,...,...,...,...,...,...,...,...,...,...,...,...,...,...,...,...,...,...,...,...
001 DP - Sé,"[-23.5569803, -46.6343707]",2021,Jan,1,1,0,0,0,1,0,0,35,9,0,0,0,2,2,0,274,270,5,0,4,692,12
001 DP - Sé,"[-23.5569803, -46.6343707]",2021,Fev,2,2,0,0,0,0,0,0,27,5,4,0,0,4,4,0,279,277,2,0,2,588,12
001 DP - Sé,"[-23.5569803, -46.6343707]",2021,Mar,1,1,0,0,0,0,1,0,33,9,0,0,0,4,3,1,191,189,2,0,2,499,15
001 DP - Sé,"[-23.5569803, -46.6343707]",2021,Abr,2,2,0,0,0,0,0,0,21,5,0,0,0,2,1,1,140,139,0,0,1,467,8
001 DP - Sé,"[-23.5569803, -46.6343707]",2021,Mai,0,0,0,0,1,0,0,0,14,7,0,0,0,1,0,1,195,194,1,0,1,643,14
001 DP - Sé,"[-23.5569803, -46.6343707]",2021,Jun,2,2,0,0,0,0,0,0,10,9,1,0,0,3,1,2,203,202,1,1,0,668,8
001 DP - Sé,"[-23.5569803, -46.6343707]",2021,Jul,0,0,0,0,1,0,0,0,19,7,0,0,0,1,0,1,207,206,2,0,1,730,14
001 DP - Sé,"[-23.5569803, -46.6343707]",2021,Ago,0,0,0,0,0,1,0,0,26,8,0,0,0,3,2,1,251,248,1,0,3,768,18
001 DP - Sé,"[-23.5569803, -46.6343707]",2021,Set,2,2,0,0,1,0,0,0,21,12,0,0,0,1,1,0,281,280,0,0,1,883,8
001 DP - Sé,"[-23.5569803, -46.6343707]",2021,Out,0,0,0,0,0,0,1,0,23,7,2,0,0,0,0,0,293,290,3,0,3,896,16
001 DP - Sé,"[-23.5569803, -46.6343707]",2021,Nov,1,1,0,0,1,0,3,0,37,9,1,0,0,1,0,1,344,340,5,0,4,896,17
001 DP - Sé,"[-23.5569803, -46.6343707]",2021,Dez,2,2,0,0,0,0,1,0,18,13,0,0,0,3,0,3,265,254,3,0,11,847,6
001 DP - Sé,"[-23.5569803, -46.6343707]",2020,Jan,4,4,0,0,0,0,1,0,32,17,2,0,0,2,2,0,337,325,3,0,12,1.133,14
001 DP - Sé,"[-23.5569803, -46.6343707]",2020,Fev,0,0,0,0,0,0,1,0,35,9,1,0,0,2,2,0,407,397,1,0,10,1.067,7
001 DP - Sé,"[-23.5569803, -46.6343707]",2020,Mar,0,0,0,0,1,1,2,0,34,9,1,0,0,2,1,1,281,272,1,0,9,718,11
001 DP - Sé,"[-23.5569803, -46.6343707]",2020,Abr,1,1,0,0,0,0,0,0,14,2,1,0,0,1,1,0,129,128,1,0,1,302,3
001 DP - Sé,"[-23.5569803, -46.6343707]",2020,Mai,0,0,0,0,0,0,1,0,10,7,0,0,0,0,0,0,171,171,1,0,0,400,3
001 DP - Sé,"[-23.5569803, -46.6343707]",2020,Jun,1,1,0,0,0,0,0,0,26,7,0,0,0,3,2,1,249,246,0,0,3,536,10
001 DP - Sé,"[-23.5569803, -46.6343707]",2020,Jul,0,0,0,0,0,0,2,0,29,16,0,0,0,0,0,0,294,293,2,0,1,726,12
001 DP - Sé,"[-23.5569803, -46.6343707]",2020,Ago,1,1,0,0,0,0,0,0,31,6,0,0,0,1,1,0,229,228,0,0,1,684,11
001 DP - Sé,"[-23.5569803, -46.6343707]",2020,Set,2,2,0,0,1,0,0,1,27,7,1,0,0,2,2,0,293,290,3,0,3,647,9
001 DP - Sé,"[-23.5569803, -46.6343707]",2020,Out,2,2,0,0,0,0,1,0,35,10,0,0,0,5,3,2,251,246,1,0,5,679,9
001 DP - Sé,"[-23.5569803, -46.6343707]",2020,Nov,1,1,0,0,1,0,0,0,29,11,1,0,0,3,2,1,286,283,4,0,3,823,18
001 DP - Sé,"[-23.5569803, -46.6343707]",2020,Dez,2,2,0,0,1,0,1,0,32,5,2,0,0,2,0,2,327,322,3,0,5,727,11
001 DP - Sé,"[-23.5569803, -46.6343707]",2019,Jan,2,2,0,0,1,0,2,0,34,14,1,0,0,1,1,0,287,268,1,0,19,1.179,6
001 DP - Sé,"[-23.5569803, -46.6343707]",2019,Fev,1,1,0,0,0,0,0,0,41,15,0,0,0,2,1,1,203,193,3,0,10,870,13
001 DP - Sé,"[-23.5569803, -46.6343707]",2019,Mar,3,3,0,0,1,0,1,0,41,11,2,0,0,1,1,0,252,242,1,0,10,938,16
001 DP - Sé,"[-23.5569803, -46.6343707]",2019,Abr,1,1,0,0,1,0,0,0,38,10,2,0,0,0,0,0,217,202,5,0,15,955,10
001 DP - Sé,"[-23.5569803, -46.6343707]",2019,Mai,1,1,0,0,1,0,0,0,42,10,1,1,1,3,1,2,299,284,4,0,15,1.228,9
001 DP - Sé,"[-23.5569803, -46.6343707]",2019,Jun,2,2,0,0,1,0,0,1,40,14,2,0,0,2,1,1,274,263,0,0,11,933,10
001 DP - Sé,"[-23.5569803, -46.6343707]",2019,Jul,0,0,0,0,0,0,2,0,27,9,0,0,0,1,0,1,282,263,0,0,19,1.108,12
001 DP - Sé,"[-23.5569803, -46.6343707]",2019,Ago,0,0,0,0,0,0,4,0,31,9,0,0,0,5,3,2,316,305,2,0,11,1.061,16
001 DP - Sé,"[-23.5569803, -46.6343707]",2019,Set,1,1,0,0,3,0,1,0,24,13,2,0,0,1,1,0,285,272,2,0,13,971,18
001 DP - Sé,"[-23.5569803, -46.6343707]",2019,Out,0,0,0,0,1,0,2,0,45,11,1,0,0,2,1,1,400,389,1,0,11,1.510,9
001 DP - Sé,"[-23.5569803, -46.6343707]",2019,Nov,2,2,0,0,0,0,1,0,39,13,1,0,0,0,0,0,373,361,1,0,12,1.175,9
001 DP - Sé,"[-23.5569803, -46.6343707]",2019,Dez,2,2,0,0,2,0,2,0,42,13,1,1,1,0,0,0,368,362,5,0,6,1.069,14
001 DP - Sé,"[-23.5569803, -46.6343707]",2018,Jan,0,0,0,0,0,1,0,0,44,9,2,0,0,6,1,5,397,380,2,0,17,1.284,13
001 DP - Sé,"[-23.5569803, -46.6343707]",2018,Fev,3,3,0,0,0,1,0,0,36,7,0,0,0,2,2,0,343,329,5,0,14,1.211,10
001 DP - Sé,"[-23.5569803, -46.6343707]",2018,Mar,0,0,0,0,0,0,0,0,45,12,1,0,0,5,4,1,314,304,4,0,10,1.133,14
001 DP - Sé,"[-23.5569803, -46.6343707]",2018,Abr,4,4,0,0,0,0,1,0,31,15,1,0,0,4,4,0,322,313,4,0,9,1.032,8
001 DP - Sé,"[-23.5569803, -46.6343707]",2018,Mai,2,2,0,0,0,0,1,0,29,7,0,0,0,1,1,0,329,324,4,0,5,896,12
001 DP - Sé,"[-23.5569803, -46.6343707]",2018,Jun,1,1,0,0,1,0,2,0,27,11,2,0,0,1,1,0,269,265,0,0,4,820,2
001 DP - Sé,"[-23.5569803, -46.6343707]",2018,Jul,0,0,0,0,0,0,2,0,18,7,0,0,0,0,0,0,224,215,8,1,8,820,1
001 DP - Sé,"[-23.5569803, -46.6343707]",2018,Ago,1,1,0,0,1,0,0,0,30,8,0,0,0,0,0,0,247,233,3,0,14,841,15
001 DP - Sé,"[-23.5569803, -46.6343707]",2018,Set,2,2,0,0,0,0,4,0,29,17,2,0,0,2,2,0,236,222,2,0,14,933,8
001 DP - Sé,"[-23.5569803, -46.6343707]",2018,Out,2,2,0,0,0,0,0,0,39,12,2,0,0,6,2,4,348,334,4,0,14,1.375,25
001 DP - Sé,"[-23.5569803, -46.6343707]",2018,Nov,0,0,0,0,0,0,2,0,31,16,3,0,0,2,1,1,295,275,6,0,20,986,13
001 DP - Sé,"[-23.5569803, -46.6343707]",2018,Dez,0,0,0,0,0,0,2,0,37,13,2,1,1,0,0,0,234,227,4,0,7,1.021,10
001 DP - Sé,"[-23.5569803, -46.6343707]",2017,Jan,0,0,0,0,0,0,0,0,25,18,2,0,0,0,0,0,352,344,6,0,8,906,15
001 DP - Sé,"[-23.5569803, -46.6343707]",2017,Fev,3,3,0,0,0,0,1,0,31,11,0,0,0,2,2,0,292,288,6,0,4,824,17
001 DP - Sé,"[-23.5569803, -46.6343707]",2017,Mar,2,2,0,0,1,0,0,0,32,14,1,0,0,5,5,0,365,363,10,0,2,1.027,19
001 DP - Sé,"[-23.5569803, -46.6343707]",2017,Abr,1,1,0,0,0,0,1,0,14,9,1,0,0,0,0,0,288,278,4,0,10,823,10
001 DP - Sé,"[-23.5569803, -46.6343707]",2017,Mai,2,2,0,0,0,0,0,0,29,19,4,0,0,4,4,0,302,298,8,0,4,906,15
001 DP - Sé,"[-23.5569803, -46.6343707]",2017,Jun,4,4,0,0,0,0,4,0,21,17,4,0,0,1,1,0,366,357,4,0,9,900,15
001 DP - Sé,"[-23.5569803, -46.6343707]",2017,Jul,0,0,0,0,1,0,1,0,18,14,1,0,0,2,2,0,289,283,11,0,6,1.105,14
001 DP - Sé,"[-23.5569803, -46.6343707]",2017,Ago,1,1,0,0,0,0,1,0,32,15,5,0,0,2,1,1,340,336,1,0,4,934,13
001 DP - Sé,"[-23.5569803, -46.6343707]",2017,Set,3,3,0,0,0,0,1,0,26,13,2,0,0,1,1,0,279,276,5,0,3,928,14
001 DP - Sé,"[-23.5569803, -46.6343707]",2017,Out,2,2,0,0,0,0,3,0,42,17,2,0,0,2,0,2,334,330,4,0,4,1.335,10
001 DP - Sé,"[-23.5569803, -46.6343707]",2017,Nov,0,0,0,0,0,0,1,0,29,12,0,0,0,0,0,0,384,376,3,0,8,1.076,6
001 DP - Sé,"[-23.5569803, -46.6343707]",2017,Dez,0,0,0,0,1,0,1,0,45,7,3,0,0,1,1,0,336,331,7,0,5,933,12
001 DP - Sé,"[-23.5569803, -46.6343707]",2016,Jan,2,2,0,0,1,0,1,0,20,7,0,0,0,2,,0,236,,4,0,5,618,13
001 DP - Sé,"[-23.5569803, -46.6343707]",2016,Fev,4,4,0,0,0,0,1,0,32,23,4,0,0,2,,0,315,,2,0,7,657,12
001 DP - Sé,"[-23.5569803, -46.6343707]",2016,Mar,1,1,0,0,0,0,0,0,16,18,2,0,0,4,,0,276,,8,0,9,824,13
001 DP - Sé,"[-23.5569803, -46.6343707]",2016,Abr,1,1,0,0,0,0,3,0,13,18,0,0,0,0,,0,225,,4,1,16,880,17
001 DP - Sé,"[-23.5569803, -46.6343707]",2016,Mai,0,0,0,0,0,0,1,0,14,11,1,0,0,3,,0,313,,9,0,6,821,20
001 DP - Sé,"[-23.5569803, -46.6343707]",2016,Jun,3,3,0,0,0,0,2,0,18,16,0,0,0,0,,0,288,,1,0,15,729,18
001 DP - Sé,"[-23.5569803, -46.6343707]",2016,Jul,1,1,0,0,0,0,2,0,23,30,2,0,0,0,,0,278,,3,0,21,824,17
001 DP - Sé,"[-23.5569803, -46.6343707]",2016,Ago,3,3,0,0,0,0,2,0,27,19,0,0,0,0,,0,315,,7,0,17,850,14
001 DP - Sé,"[-23.5569803, -46.6343707]",2016,Set,0,0,0,0,0,0,1,0,28,18,1,0,0,2,,1,294,,5,0,12,877,11
001 DP - Sé,"[-23.5569803, -46.6343707]",2016,Out,1,1,0,0,0,0,2,0,33,17,7,0,0,0,,0,298,,2,0,17,1.133,17
001 DP - Sé,"[-23.5569803, -46.6343707]",2016,Nov,1,1,0,0,0,0,0,0,33,15,0,0,0,1,,0,293,,4,0,11,841,12
001 DP - Sé,"[-23.5569803, -46.6343707]",2016,Dez,2,2,0,0,0,1,3,0,25,15,2,0,0,1,,0,349,,9,0,25,943,12
001 DP - Sé,"[-23.5569803, -46.6343707]",2015,Jan,3,3,0,0,1,0,1,,37,20,1,0,0,2,...,,340,...,6,0,9,807,18
001 DP - Sé,"[-23.5569803, -46.6343707]",2015,Fev,1,1,0,0,0,0,1,,38,27,1,0,0,1,...,,295,...,1,0,11,833,12
001 DP - Sé,"[-23.5569803, -46.6343707]",2015,Mar,1,1,0,0,0,0,3,,39,36,4,0,0,3,...,,376,...,6,0,10,889,14
001 DP - Sé,"[-23.5569803, -46.6343707]",2015,Abr,2,2,0,0,0,1,1,,31,20,1,0,0,4,...,,309,...,2,2,7,1.010,17
001 DP - Sé,"[-23.5569803, -46.6343707]",2015,Mai,0,0,0,0,0,0,1,,36,28,1,0,0,3,...,,352,...,11,0,8,1.043,11
001 DP - Sé,"[-23.5569803, -46.6343707]",2015,Jun,1,1,0,0,2,0,0,,28,30,1,0,0,1,...,,277,...,2,0,7,912,20
001 DP - Sé,"[-23.5569803, -46.6343707]",2015,Jul,2,2,0,0,0,0,1,,37,20,3,0,0,1,...,,303,...,3,0,2,958,14
001 DP - Sé,"[-23.5569803, -46.6343707]",2015,Ago,1,1,0,0,0,0,1,,50,27,0,0,0,2,...,,249,...,3,0,2,857,12
001 DP - Sé,"[-23.5569803, -46.6343707]",2015,Set,1,1,0,0,0,0,1,,34,21,2,1,1,0,...,,328,...,2,0,6,905,9
001 DP - Sé,"[-23.5569803, -46.6343707]",2015,Out,1,1,0,0,0,0,0,,42,17,0,1,1,3,...,,361,...,10,0,7,1.219,16
001 DP - Sé,"[-23.5569803, -46.6343707]",2015,Nov,0,0,0,0,1,0,2,,44,10,1,0,0,1,...,,401,...,5,0,9,1.013,15
001 DP - Sé,"[-23.5569803, -46.6343707]",2015,Dez,2,2,0,0,0,0,2,,40,17,0,0,0,2,...,,295,...,9,0,10,844,13
001 DP - Sé,"[-23.5569803, -46.6343707]",2014,Jan,4,4,0,0,0,0,2,,25,27,0,0,0,1,,,362,,6,0,7,788,47
001 DP - Sé,"[-23.5569803, -46.6343707]",2014,Fev,1,1,0,0,0,0,2,,25,30,0,0,0,2,,,386,,8,0,10,861,13
001 DP - Sé,"[-23.5569803, -46.6343707]",2014,Mar,1,1,0,0,1,0,0,,27,15,0,0,0,2,,,404,,8,0,6,921,38
001 DP - Sé,"[-23.5569803, -46.6343707]",2014,Abr,1,1,0,0,0,0,2,,30,34,0,0,0,2,,,396,,12,0,4,1.149,18
001 DP - Sé,"[-23.5569803, -46.6343707]",2014,Mai,3,3,1,1,0,0,3,,42,37,0,0,0,0,,,471,,13,0,6,1.246,18
001 DP - Sé,"[-23.5569803, -46.6343707]",2014,Jun,0,0,0,0,0,0,0,,19,27,0,0,0,0,,,353,,13,0,10,1.174,23
001 DP - Sé,"[-23.5569803, -46.6343707]",2014,Jul,2,2,0,0,0,0,0,,17,17,0,0,0,2,,,359,,10,0,8,465,17
001 DP - Sé,"[-23.5569803, -46.6343707]",2014,Ago,1,1,0,0,0,0,0,,20,26,0,0,0,1,,,294,,9,0,3,943,24
001 DP - Sé,"[-23.5569803, -46.6343707]",2014,Set,1,1,0,0,1,0,2,,35,33,0,0,0,1,,,247,,2,0,1,921,17
001 DP - Sé,"[-23.5569803, -46.6343707]",2014,Out,1,1,0,0,0,0,3,,36,42,0,0,0,2,,,326,,5,0,3,1.080,29
001 DP - Sé,"[-23.5569803, -46.6343707]",2014,Nov,1,1,0,0,0,0,1,,27,12,0,0,0,0,,,241,,6,0,5,1.015,27
001 DP - Sé,"[-23.5569803, -46.6343707]",2014,Dez,0,0,0,0,1,0,1,,13,25,0,0,0,0,,,315,,4,1,6,927,20
001 DP - Sé,"[-23.5569803, -46.6343707]",2013,Jan,5,5,0,0,0,0,3,,27,23,0,0,0,0,,,278,,7,0,11,888,23
001 DP - Sé,"[-23.5569803, -46.6343707]",2013,Fev,2,2,0,0,0,1,1,,34,35,3,0,0,1,,,258,,7,0,5,893,19
001 DP - Sé,"[-23.5569803, -46.6343707]",2013,Mar,3,3,0,0,1,0,5,,37,34,1,0,0,2,,,244,,9,1,1,930,31
001 DP - Sé,"[-23.5569803, -46.6343707]",2013,Abr,0,0,0,0,1,1,2,,26,26,0,0,0,0,,,273,,5,0,6,947,37
001 DP - Sé,"[-23.5569803, -46.6343707]",2013,Mai,3,3,0,0,0,0,3,,53,27,2,0,0,4,,,285,,8,0,2,1.046,24
001 DP - Sé,"[-23.5569803, -46.6343707]",2013,Jun,0,0,0,0,1,0,2,,27,41,14,0,0,4,,,304,,4,0,3,844,18
001 DP - Sé,"[-23.5569803, -46.6343707]",2013,Jul,1,1,0,0,0,0,0,,30,34,2,1,1,1,,,327,,2,1,3,925,19
001 DP - Sé,"[-23.5569803, -46.6343707]",2013,Ago,1,1,0,0,0,0,3,,27,29,4,0,0,1,,,322,,12,0,7,981,22
001 DP - Sé,"[-23.5569803, -46.6343707]",2013,Set,2,2,0,0,0,0,2,,60,46,1,0,0,2,,,247,,5,0,2,765,10
001 DP - Sé,"[-23.5569803, -46.6343707]",2013,Out,1,1,0,0,4,0,6,,28,33,0,0,0,3,,,218,,4,0,4,1.057,20
001 DP - Sé,"[-23.5569803, -46.6343707]",2013,Nov,1,1,0,0,0,0,1,,20,32,0,0,0,1,,,281,,7,0,17,1.025,15
001 DP - Sé,"[-23.5569803, -46.6343707]",2013,Dez,1,1,0,0,0,0,1,,22,39,0,0,0,0,,,339,,5,0,3,876,14
001 DP - Sé,"[-23.5569803, -46.6343707]",2012,Jan,0,0,0,0,1,0,0,,42,39,3,1,1,2,,,250,,10,1,11,662,9
001 DP - Sé,"[-23.5569803, -46.6343707]",2012,Fev,0,0,0,0,2,0,1,,35,38,1,0,0,0,,,196,,3,0,7,884,11
001 DP - Sé,"[-23.5569803, -46.6343707]",2012,Mar,2,2,1,1,0,0,0,,34,37,1,0,0,3,,,260,,9,0,8,1.104,35
001 DP - Sé,"[-23.5569803, -46.6343707]",2012,Abr,2,2,0,0,1,0,3,,35,25,2,0,0,0,,,242,,7,1,6,1.536,16
001 DP - Sé,"[-23.5569803, -46.6343707]",2012,Mai,5,5,0,0,0,0,2,,35,51,3,0,0,2,,,300,,5,0,4,1.152,16
001 DP - Sé,"[-23.5569803, -46.6343707]",2012,Jun,3,3,0,0,0,0,0,,26,25,6,0,0,2,,,272,,8,0,3,849,18
001 DP - Sé,"[-23.5569803, -46.6343707]",2012,Jul,0,0,0,0,1,0,1,,40,27,0,0,0,1,,,339,,11,0,9,925,19
001 DP - Sé,"[-23.5569803, -46.6343707]",2012,Ago,0,0,0,0,1,0,1,,28,25,0,0,0,1,,,268,,12,0,5,897,18
001 DP - Sé,"[-23.5569803, -46.6343707]",2012,Set,2,2,0,0,1,0,1,,49,29,1,0,0,2,,,236,,4,0,4,829,12
001 DP - Sé,"[-23.5569803, -46.6343707]",2012,Out,2,2,0,0,4,0,4,,42,38,0,0,0,1,,,293,,8,0,2,1.057,11
001 DP - Sé,"[-23.5569803, -46.6343707]",2012,Nov,7,7,0,0,0,0,3,,31,23,3,0,0,2,,,262,,7,0,14,1.061,11
001 DP - Sé,"[-23.5569803, -46.6343707]",2012,Dez,3,3,0,0,1,0,3,,21,34,0,0,0,2,,,244,,8,0,10,1.089,15
001 DP - Sé,"[-23.5569803, -46.6343707]",2011,Jan,2,2,,,1,0,1,,31,23,0,0,0,1,,,219,,9,0,3,808,14
001 DP - Sé,"[-23.5569803, -46.6343707]",2011,Fev,2,2,,,0,0,2,,25,42,0,0,0,2,,,230,,2,0,4,700,6
001 DP - Sé,"[-23.5569803, -46.6343707]",2011,Mar,1,1,,,0,0,2,,21,41,0,0,0,0,,,217,,8,0,1,1.005,13
001 DP - Sé,"[-23.5569803, -46.6343707]",2011,Abr,1,1,,,0,0,0,,40,38,3,0,0,1,,,235,,7,1,0,1.117,6
001 DP - Sé,"[-23.5569803, -46.6343707]",2011,Mai,1,1,,,0,0,0,,26,32,1,0,0,2,,,222,,8,2,0,981,11
001 DP - Sé,"[-23.5569803, -46.6343707]",2011,Jun,0,0,,,1,0,2,,24,35,2,0,0,1,,,190,,4,1,1,877,7
001 DP - Sé,"[-23.5569803, -46.6343707]",2011,Jul,0,0,,,0,0,2,,42,41,1,0,0,2,,,206,,9,1,2,921,17
001 DP - Sé,"[-23.5569803, -46.6343707]",2011,Ago,1,2,,,1,0,1,,38,33,1,0,0,0,,,224,,9,0,2,954,15
001 DP - Sé,"[-23.5569803, -46.6343707]",2011,Set,1,1,,,2,0,1,,28,25,4,0,0,0,,,179,,10,0,8,846,17
001 DP - Sé,"[-23.5569803, -46.6343707]",2011,Out,1,1,,,2,0,3,,31,32,4,0,0,0,,,178,,5,0,0,968,20
001 DP - Sé,"[-23.5569803, -46.6343707]",2011,Nov,0,0,,,0,0,2,,26,35,0,0,0,1,,,182,,8,0,7,1.051,15
001 DP - Sé,"[-23.5569803, -46.6343707]",2011,Dez,1,1,,,1,0,0,,40,41,3,0,0,2,,,194,,9,0,7,1.095,12
001 DP - Sé,"[-23.5569803, -46.6343707]",2010,Jan,4,4,0,0,1,0,5,,25,28,3,0,0,0,,,274,,1,0,1,718,4
001 DP - Sé,"[-23.5569803, -46.6343707]",2010,Fev,3,3,0,0,0,0,4,,24,30,0,0,0,1,,,239,,3,0,2,682,18
001 DP - Sé,"[-23.5569803, -46.6343707]",2010,Mar,1,1,0,0,0,0,3,,34,41,0,0,0,0,,,223,,4,0,5,367,13
001 DP - Sé,"[-23.5569803, -46.6343707]",2010,Abr,4,4,0,0,0,0,2,,33,35,2,0,0,1,,,185,,7,0,1,316,7
001 DP - Sé,"[-23.5569803, -46.6343707]",2010,Mai,2,2,0,0,1,0,0,,27,57,2,0,0,0,,,280,,12,0,2,412,9
001 DP - Sé,"[-23.5569803, -46.6343707]",2010,Jun,3,3,0,0,1,0,4,,20,43,0,0,0,0,,,240,,3,0,1,1.014,15
001 DP - Sé,"[-23.5569803, -46.6343707]",2010,Jul,3,3,0,0,0,0,1,,36,39,3,0,0,0,,,237,,10,0,1,1.249,15
001 DP - Sé,"[-23.5569803, -46.6343707]",2010,Ago,1,1,0,0,1,0,2,,35,43,0,0,0,0,,,283,,5,0,1,842,19
001 DP - Sé,"[-23.5569803, -46.6343707]",2010,Set,1,1,0,0,2,0,0,,29,42,0,0,0,0,,,234,,9,0,1,899,11
001 DP - Sé,"[-23.5569803, -46.6343707]",2010,Out,0,0,0,0,1,0,1,,31,49,1,0,0,1,,,234,,4,0,3,928,21
001 DP - Sé,"[-23.5569803, -46.6343707]",2010,Nov,0,0,0,0,1,0,1,,32,42,0,0,0,3,,,263,,9,0,4,893,24
001 DP - Sé,"[-23.5569803, -46.6343707]",2010,Dez,2,2,0,0,0,0,1,,37,37,0,0,0,0,,,221,,6,0,3,768,18
001 DP - Sé,"[-23.5569803, -46.6343707]",2009,Jan,0,0,0,0,0,0,2,0,29,19,0,0,0,0,,,339,,1,1,10,2.161,14
001 DP - Sé,"[-23.5569803, -46.6343707]",2009,Fev,0,0,0,0,0,0,0,0,33,19,0,0,0,0,,,309,,6,0,11,800,15
001 DP - Sé,"[-23.5569803, -46.6343707]",2009,Mar,1,1,0,0,0,0,1,0,22,29,2,0,0,0,,,276,,8,0,9,833,16
001 DP - Sé,"[-23.5569803, -46.6343707]",2009,Abr,1,1,0,0,1,0,1,0,25,27,1,0,0,0,,,294,,8,1,6,786,13
001 DP - Sé,"[-23.5569803, -46.6343707]",2009,Mai,2,2,0,0,3,0,2,0,37,36,0,0,0,0,,,409,,4,0,3,1.952,16
001 DP - Sé,"[-23.5569803, -46.6343707]",2009,Jun,0,0,0,0,0,0,1,0,24,22,1,0,0,0,,,363,,4,0,5,1.053,13
001 DP - Sé,"[-23.5569803, -46.6343707]",2009,Jul,3,3,0,0,0,0,1,0,25,20,1,1,1,2,,,261,,6,0,8,929,13
001 DP - Sé,"[-23.5569803, -46.6343707]",2009,Ago,1,1,0,0,1,0,0,0,30,39,2,0,0,0,,,249,,1,0,4,1.124,18
001 DP - Sé,"[-23.5569803, -46.6343707]",2009,Set,2,2,0,0,1,0,2,0,28,45,0,0,0,2,,,264,,5,0,2,978,6
001 DP - Sé,"[-23.5569803, -46.6343707]",2009,Out,3,3,0,0,0,0,1,0,29,33,0,0,0,1,,,227,,9,0,0,803,16
001 DP - Sé,"[-23.5569803, -46.6343707]",2009,Nov,4,4,0,0,0,1,2,0,32,35,0,0,0,1,,,286,,2,0,8,883,12
001 DP - Sé,"[-23.5569803, -46.6343707]",2009,Dez,0,0,0,0,1,0,2,0,30,42,0,0,0,1,,,224,,5,1,3,1.032,10
001 DP - Sé,"[-23.5569803, -46.6343707]",2008,Jan,0,0,0,0,0,0,3,0,44,31,1,0,0,1,,,321,,9,0,3,841,14
001 DP - Sé,"[-23.5569803, -46.6343707]",2008,Fev,0,0,0,0,1,0,1,0,29,28,0,0,0,0,,,351,,6,1,8,638,12
001 DP - Sé,"[-23.5569803, -46.6343707]",2008,Mar,1,1,0,0,0,0,0,0,28,32,1,0,0,0,,,222,,5,1,12,403,12
001 DP - Sé,"[-23.5569803, -46.6343707]",2008,Abr,1,1,0,0,0,0,0,0,36,53,0,0,0,1,,,339,,12,0,26,661,11
001 DP - Sé,"[-23.5569803, -46.6343707]",2008,Mai,1,1,0,0,0,0,0,0,28,44,0,0,0,1,,,253,,6,0,7,560,7
001 DP - Sé,"[-23.5569803, -46.6343707]",2008,Jun,0,0,0,0,1,0,1,0,31,23,2,0,0,0,,,240,,8,1,6,928,18
001 DP - Sé,"[-23.5569803, -46.6343707]",2008,Jul,2,2,0,0,1,0,0,0,28,33,3,0,0,0,,,316,,3,1,16,2.184,14
001 DP - Sé,"[-23.5569803, -46.6343707]",2008,Ago,1,1,0,0,0,0,4,0,38,34,2,0,0,0,,,362,,3,0,14,1.537,16
001 DP - Sé,"[-23.5569803, -46.6343707]",2008,Set,1,1,0,0,3,0,1,0,33,27,2,0,0,0,,,232,,5,0,4,898,8
001 DP - Sé,"[-23.5569803, -46.6343707]",2008,Out,1,1,0,0,1,0,1,0,24,36,0,0,0,0,,,202,,5,0,12,363,12
001 DP - Sé,"[-23.5569803, -46.6343707]",2008,Nov,0,0,0,0,1,0,1,0,37,27,2,0,0,0,,,214,,4,0,13,660,13
001 DP - Sé,"[-23.5569803, -46.6343707]",2008,Dez,0,0,0,0,0,0,2,0,27,32,1,0,0,0,,,250,,2,0,13,497,6
001 DP - Sé,"[-23.5569803, -46.6343707]",2007,Jan,0,2,0,0,1,0,4,0,62,58,0,0,0,0,,,202,,3,0,3,989,23
001 DP - Sé,"[-23.5569803, -46.6343707]",2007,Fev,2,3,0,0,2,0,1,0,47,55,0,0,0,1,,,226,,6,0,4,856,18
001 DP - Sé,"[-23.5569803, -46.6343707]",2007,Mar,1,2,0,0,0,0,2,0,44,56,0,0,0,0,,,275,,10,1,1,774,23
001 DP - Sé,"[-23.5569803, -46.6343707]",2007,Abr,4,4,0,0,0,0,0,0,16,46,0,0,0,1,,,220,,2,0,9,697,21
001 DP - Sé,"[-23.5569803, -46.6343707]",2007,Mai,5,5,0,0,1,0,0,0,31,36,0,0,0,0,,,243,,0,0,5,1.017,12
001 DP - Sé,"[-23.5569803, -46.6343707]",2007,Jun,3,3,0,0,2,0,2,0,32,37,1,0,0,0,,,233,,0,1,5,611,22
001 DP - Sé,"[-23.5569803, -46.6343707]",2007,Jul,1,1,0,0,1,0,3,0,23,46,0,0,0,0,,,211,,8,2,5,773,19
001 DP - Sé,"[-23.5569803, -46.6343707]",2007,Ago,0,0,0,0,0,0,0,0,38,48,0,0,0,0,,,292,,4,1,1,855,21
001 DP - Sé,"[-23.5569803, -46.6343707]",2007,Set,1,1,0,0,1,0,0,0,35,36,1,0,0,0,,,290,,8,0,5,812,12
001 DP - Sé,"[-23.5569803, -46.6343707]",2007,Out,0,0,0,0,0,1,1,0,40,28,0,0,0,1,,,261,,5,0,4,600,15
001 DP - Sé,"[-23.5569803, -46.6343707]",2007,Nov,1,1,0,0,0,0,2,0,27,43,0,0,0,1,,,290,,7,1,5,592,10
001 DP - Sé,"[-23.5569803, -46.6343707]",2007,Dez,3,3,0,0,0,0,0,0,29,36,1,0,0,2,,,298,,6,0,3,617,12
001 DP - Sé,"[-23.5569803, -46.6343707]",2006,Jan,0,0,0,0,0,0,2,0,54,18,2,1,1,0,,,316,,6,0,21,942,29
001 DP - Sé,"[-23.5569803, -46.6343707]",2006,Fev,2,3,0,0,1,0,5,0,53,21,0,0,0,2,,,258,,12,0,21,861,19
001 DP - Sé,"[-23.5569803, -46.6343707]",2006,Mar,3,6,0,0,0,0,5,0,71,28,0,0,0,0,,,306,,11,2,42,1.064,28
001 DP - Sé,"[-23.5569803, -46.6343707]",2006,Abr,2,3,0,0,5,0,1,0,79,46,0,0,0,0,,,291,,7,2,30,915,38
001 DP - Sé,"[-23.5569803, -46.6343707]",2006,Mai,3,2,0,0,4,0,0,0,38,36,0,0,0,0,,,258,,9,1,4,985,20
001 DP - Sé,"[-23.5569803, -46.6343707]",2006,Jun,1,2,0,0,2,0,1,0,60,37,0,0,0,0,,,328,,10,1,3,1.124,22
001 DP - Sé,"[-23.5569803, -46.6343707]",2006,Jul,0,0,0,0,3,0,4,0,56,36,1,0,0,1,,,293,,11,0,9,970,23
001 DP - Sé,"[-23.5569803, -46.6343707]",2006,Ago,1,1,0,0,3,0,2,0,65,30,1,0,0,1,,,250,,13,1,4,806,24
001 DP - Sé,"[-23.5569803, -46.6343707]",2006,Set,2,4,0,0,1,0,3,0,44,52,0,0,0,2,,,246,,11,1,3,703,22
001 DP - Sé,"[-23.5569803, -46.6343707]",2006,Out,1,1,0,0,0,0,1,0,55,60,0,0,0,0,,,260,,9,1,5,873,19
001 DP - Sé,"[-23.5569803, -46.6343707]",2006,Nov,0,0,0,0,0,0,0,0,53,54,0,0,0,0,,,235,,7,1,4,976,24
001 DP - Sé,"[-23.5569803, -46.6343707]",2006,Dez,2,0,0,0,0,0,1,0,55,56,0,0,0,0,,,237,,13,0,3,986,26
001 DP - Sé,"[-23.5569803, -46.6343707]",2005,Jan,4,5,0,0,0,0,2,0,40,24,2,0,0,0,,,303,,20,1,51,788,21
001 DP - Sé,"[-23.5569803, -46.6343707]",2005,Fev,5,5,0,0,1,0,4,0,37,23,2,1,1,0,,,271,,12,0,41,782,18
001 DP - Sé,"[-23.5569803, -46.6343707]",2005,Mar,2,3,0,0,3,0,2,0,35,17,1,0,0,0,,,316,,9,2,32,788,18
001 DP - Sé,"[-23.5569803, -46.6343707]",2005,Abr,3,3,0,0,0,0,5,0,38,29,0,0,0,0,,,304,,14,1,17,764,23
001 DP - Sé,"[-23.5569803, -46.6343707]",2005,Mai,3,2,0,0,2,0,3,0,43,40,2,0,0,0,,,317,,19,0,21,771,29
001 DP - Sé,"[-23.5569803, -46.6343707]",2005,Jun,2,2,0,0,2,0,1,0,53,11,3,0,0,0,,,285,,13,0,36,855,30
001 DP - Sé,"[-23.5569803, -46.6343707]",2005,Jul,1,1,0,0,3,0,2,0,36,42,0,0,0,0,,,328,,12,1,49,943,23
001 DP - Sé,"[-23.5569803, -46.6343707]",2005,Ago,1,1,0,0,0,0,1,0,46,28,0,0,0,0,,,314,,15,0,28,872,23
001 DP - Sé,"[-23.5569803, -46.6343707]",2005,Set,1,1,0,0,1,0,0,0,51,39,0,1,1,0,,,252,,9,1,15,848,34
001 DP - Sé,"[-23.5569803, -46.6343707]",2005,Out,1,1,0,0,0,0,0,0,56,34,0,1,1,0,,,287,,10,1,28,997,25
001 DP - Sé,"[-23.5569803, -46.6343707]",2005,Nov,3,3,0,0,1,0,1,0,46,28,0,0,0,0,,,330,,10,1,36,1.006,57
001 DP - Sé,"[-23.5569803, -46.6343707]",2005,Dez,1,2,0,0,2,0,0,0,62,35,0,0,0,0,,,351,,16,1,33,997,31
001 DP - Sé,"[-23.5569803, -46.6343707]",2004,Jan,0,0,0,0,0,0,1,0,31,30,0,0,0,0,,,230,,10,0,16,726,12
001 DP - Sé,"[-23.5569803, -46.6343707]",2004,Fev,5,5,0,0,0,0,4,0,34,30,0,0,0,0,,,197,,10,0,5,692,19
001 DP - Sé,"[-23.5569803, -46.6343707]",2004,Mar,2,3,0,0,1,0,3,0,39,23,1,0,0,0,,,236,,11,0,14,798,21
001 DP - Sé,"[-23.5569803, -46.6343707]",2004,Abr,3,3,0,0,1,0,2,0,37,28,0,0,0,0,,,240,,6,0,9,723,20
001 DP - Sé,"[-23.5569803, -46.6343707]",2004,Mai,6,5,0,0,0,0,3,0,49,27,7,0,0,0,,,246,,7,0,20,715,17
001 DP - Sé,"[-23.5569803, -46.6343707]",2004,Jun,3,2,0,0,0,0,5,0,34,32,1,0,0,0,,,262,,6,0,22,758,21
001 DP - Sé,"[-23.5569803, -46.6343707]",2004,Jul,4,5,0,0,2,0,3,0,38,26,0,0,0,2,,,284,,11,1,45,778,36
001 DP - Sé,"[-23.5569803, -46.6343707]",2004,Ago,3,5,0,0,0,0,6,0,50,33,1,0,0,0,,,237,,8,0,26,773,23
001 DP - Sé,"[-23.5569803, -46.6343707]",2004,Set,1,1,0,0,3,0,1,0,64,39,3,1,1,0,,,228,,8,0,43,701,24
001 DP - Sé,"[-23.5569803, -46.6343707]",2004,Out,1,1,0,0,1,0,2,0,39,37,6,0,0,0,,,230,,10,1,37,879,29
001 DP - Sé,"[-23.5569803, -46.6343707]",2004,Nov,4,4,0,0,0,0,3,0,47,31,1,0,0,0,,,254,,12,0,43,889,20
001 DP - Sé,"[-23.5569803, -46.6343707]",2004,Dez,1,1,0,0,1,0,2,0,52,30,0,0,0,0,,,268,,8,0,32,955,20
001 DP - Sé,"[-23.5569803, -46.6343707]",2003,Jan,4,4,0,0,3,0,2,0,29,24,0,0,0,0,,,22,,0,0,17,650,35
001 DP - Sé,"[-23.5569803, -46.6343707]",2003,Fev,7,7,0,0,0,0,3,0,27,27,1,1,1,0,,,278,,10,0,5,620,20
001 DP - Sé,"[-23.5569803, -46.6343707]",2003,Mar,2,2,0,0,0,1,4,0,27,36,0,0,0,0,,,238,,5,0,3,551,20
001 DP - Sé,"[-23.5569803, -46.6343707]",2003,Abr,5,6,0,0,1,0,2,0,27,33,1,0,0,0,,,226,,9,0,6,531,26
001 DP - Sé,"[-23.5569803, -46.6343707]",2003,Mai,5,5,0,0,0,0,1,0,27,22,0,0,0,0,,,251,,6,0,0,541,21
001 DP - Sé,"[-23.5569803, -46.6343707]",2003,Jun,3,3,0,0,0,0,3,0,29,30,0,0,0,0,,,240,,11,0,4,561,18
001 DP - Sé,"[-23.5569803, -46.6343707]",2003,Jul,4,6,0,0,0,0,1,0,31,35,1,0,0,1,,,259,,10,0,5,640,18
001 DP - Sé,"[-23.5569803, -46.6343707]",2003,Ago,8,9,0,0,3,0,4,0,37,43,0,0,0,0,,,228,,7,0,2,512,18
001 DP - Sé,"[-23.5569803, -46.6343707]",2003,Set,3,5,0,0,0,0,4,0,38,41,0,0,0,0,,,230,,4,0,5,532,19
001 DP - Sé,"[-23.5569803, -46.6343707]",2003,Out,2,2,0,0,0,0,5,0,37,36,4,0,0,0,,,303,,6,0,7,641,16
001 DP - Sé,"[-23.5569803, -46.6343707]",2003,Nov,3,3,0,0,0,0,0,0,34,47,2,0,0,0,,,306,,8,0,13,573,13
001 DP - Sé,"[-23.5569803, -46.6343707]",2003,Dez,4,4,0,0,0,0,2,0,37,31,0,0,0,0,,,214,,5,0,8,628,18
001 DP - Sé,"[-23.5569803, -46.6343707]",2002,Jan,2,2,0,0,0,0,2,0,20,25,5,0,0,0,,,267,,3,0,1,595,14
001 DP - Sé,"[-23.5569803, -46.6343707]",2002,Fev,1,1,0,0,0,0,2,0,25,14,11,0,0,0,,,232,,13,0,1,507,17
001 DP - Sé,"[-23.5569803, -46.6343707]",2002,Mar,3,3,0,0,1,0,7,0,26,22,3,1,1,0,,,298,,7,0,0,566,35
001 DP - Sé,"[-23.5569803, -46.6343707]",2002,Abr,5,5,0,0,2,0,3,0,27,22,4,0,0,0,,,352,,13,0,0,610,35
001 DP - Sé,"[-23.5569803, -46.6343707]",2002,Mai,2,2,0,0,1,0,3,0,24,16,1,0,0,0,,,285,,10,0,0,589,22
001 DP - Sé,"[-23.5569803, -46.6343707]",2002,Jun,3,3,0,0,1,0,4,0,24,24,0,0,0,0,,,222,,4,0,0,563,18
001 DP - Sé,"[-23.5569803, -46.6343707]",2002,Jul,6,6,0,0,1,0,6,0,25,23,3,0,0,0,,,299,,8,0,0,658,27
001 DP - Sé,"[-23.5569803, -46.6343707]",2002,Ago,9,9,0,0,0,1,4,0,26,1,17,0,0,1,,,224,,7,0,1,564,14
001 DP - Sé,"[-23.5569803, -46.6343707]",2002,Set,2,2,0,0,0,0,3,0,27,0,34,0,0,1,,,199,,11,0,4,458,31
001 DP - Sé,"[-23.5569803, -46.6343707]",2002,Out,7,7,0,0,0,0,6,0,22,0,30,0,0,0,,,276,,13,0,6,775,33
001 DP - Sé,"[-23.5569803, -46.6343707]",2002,Nov,6,6,0,0,2,0,5,0,34,30,1,0,0,0,,,228,,5,0,7,689,31
001 DP - Sé,"[-23.5569803, -46.6343707]",2002,Dez,7,7,0,0,3,0,4,0,37,29,0,0,0,0,,,265,,13,0,12,857,22
001 DP - Sé,"[-23.5569803, -46.6343707]",2001,Jan,5,5,0,0,0,0,4,0,20,26,0,0,0,0,,,289,,9,0,0,351,26
001 DP - Sé,"[-23.5569803, -46.6343707]",2001,Fev,5,5,0,0,0,0,3,0,21,24,2,0,0,1,,,213,,8,0,0,374,19
001 DP - Sé,"[-23.5569803, -46.6343707]",2001,Mar,12,12,0,0,1,0,7,0,23,25,0,0,0,0,,,296,,0,0,2,366,19
001 DP - Sé,"[-23.5569803, -46.6343707]",2001,Abr,6,6,0,0,0,0,6,0,24,16,2,1,1,0,,,238,,9,0,0,383,35
001 DP - Sé,"[-23.5569803, -46.6343707]",2001,Mai,5,5,0,0,1,0,7,0,20,25,1,0,0,0,,,202,,6,0,0,397,22
001 DP - Sé,"[-23.5569803, -46.6343707]",2001,Jun,3,3,0,0,0,0,7,0,22,30,2,0,0,0,,,150,,3,0,1,328,19
001 DP - Sé,"[-23.5569803, -46.6343707]",2001,Jul,2,2,0,0,1,0,1,0,20,21,1,0,0,0,,,180,,10,1,0,313,28
001 DP - Sé,"[-23.5569803, -46.6343707]",2001,Ago,2,3,0,0,1,0,6,0,24,19,0,0,0,0,,,136,,10,0,0,447,26
001 DP - Sé,"[-23.5569803, -46.6343707]",2001,Set,5,6,0,0,0,0,9,0,23,21,5,0,0,0,,,238,,11,0,1,487,29
001 DP - Sé,"[-23.5569803, -46.6343707]",2001,Out,6,6,0,0,1,0,3,0,25,23,0,1,1,1,,,275,,17,1,7,636,28
001 DP - Sé,"[-23.5569803, -46.6343707]",2001,Nov,5,7,0,0,2,0,7,0,19,21,0,0,0,1,,,249,,10,0,1,535,26
001 DP - Sé,"[-23.5569803, -46.6343707]",2001,Dez,3,4,0,0,0,0,9,0,26,2,24,0,0,0,,,157,,8,0,2,624,25
002 DP - Bom Retiro,"[-23.523067, -46.64425139999999]",2022,Jan,2,2,0,0,0,0,0,0,11,3,0,0,0,0,0,0,77,76,2,0,1,383,8
002 DP - Bom Retiro,"[-23.523067, -46.64425139999999]",2022,Fev,0,0,0,0,0,0,1,0,10,3,0,0,0,2,0,2,70,69,1,0,1,296,4
002 DP - Bom Retiro,"[-23.523067, -46.64425139999999]",2022,Mar,...,...,...,...,...,...,...,...,...,...,...,...,...,...,...,...,...,...,...,...,...,...,...
002 DP - Bom Retiro,"[-23.523067, -46.64425139999999]",2022,Abr,...,...,...,...,...,...,...,...,...,...,...,...,...,...,...,...,...,...,...,...,...,...,...
002 DP - Bom Retiro,"[-23.523067, -46.64425139999999]",2022,Mai,...,...,...,...,...,...,...,...,...,...,...,...,...,...,...,...,...,...,...,...,...,...,...
002 DP - Bom Retiro,"[-23.523067, -46.64425139999999]",2022,Jun,...,...,...,...,...,...,...,...,...,...,...,...,...,...,...,...,...,...,...,...,...,...,...
002 DP - Bom Retiro,"[-23.523067, -46.64425139999999]",2022,Jul,...,...,...,...,...,...,...,...,...,...,...,...,...,...,...,...,...,...,...,...,...,...,...
002 DP - Bom Retiro,"[-23.523067, -46.64425139999999]",2022,Ago,...,...,...,...,...,...,...,...,...,...,...,...,...,...,...,...,...,...,...,...,...,...,...
002 DP - Bom Retiro,"[-23.523067, -46.64425139999999]",2022,Set,...,...,...,...,...,...,...,...,...,...,...,...,...,...,...,...,...,...,...,...,...,...,...
002 DP - Bom Retiro,"[-23.523067, -46.64425139999999]",2022,Out,...,...,...,...,...,...,...,...,...,...,...,...,...,...,...,...,...,...,...,...,...,...,...
002 DP - Bom Retiro,"[-23.523067, -46.64425139999999]",2022,Nov,...,...,...,...,...,...,...,...,...,...,...,...,...,...,...,...,...,...,...,...,...,...,...
002 DP - Bom Retiro,"[-23.523067, -46.64425139999999]",2022,Dez,...,...,...,...,...,...,...,...,...,...,...,...,...,...,...,...,...,...,...,...,...,...,...
002 DP - Bom Retiro,"[-23.523067, -46.64425139999999]",2021,Jan,0,0,0,0,1,0,0,0,11,12,0,0,0,1,0,1,101,101,2,0,0,230,6
002 DP - Bom Retiro,"[-23.523067, -46.64425139999999]",2021,Fev,0,0,0,0,0,0,0,0,9,4,0,0,0,0,0,0,85,84,1,0,1,216,8
002 DP - Bom Retiro,"[-23.523067, -46.64425139999999]",2021,Mar,0,0,0,0,0,0,0,0,11,6,0,0,0,0,0,0,67,67,2,0,0,226,9
002 DP - Bom Retiro,"[-23.523067, -46.64425139999999]",2021,Abr,0,0,0,0,0,0,0,0,4,2,0,0,0,1,1,0,44,44,0,0,0,185,8
002 DP - Bom Retiro,"[-23.523067, -46.64425139999999]",2021,Mai,0,0,0,0,0,0,0,0,8,4,0,0,0,1,0,1,50,48,1,0,2,233,5
002 DP - Bom Retiro,"[-23.523067, -46.64425139999999]",2021,Jun,0,0,0,0,0,0,0,0,8,4,0,0,0,0,0,0,76,75,0,0,1,205,6
002 DP - Bom Retiro,"[-23.523067, -46.64425139999999]",2021,Jul,0,0,0,0,0,0,0,0,5,5,0,0,0,0,0,0,52,52,1,0,0,263,7
002 DP - Bom Retiro,"[-23.523067, -46.64425139999999]",2021,Ago,1,1,0,0,1,0,0,0,10,4,0,0,0,0,0,0,52,51,2,0,1,283,7
002 DP - Bom Retiro,"[-23.523067, -46.64425139999999]",2021,Set,0,0,0,0,0,0,0,0,16,8,0,0,0,1,1,0,66,66,1,0,0,313,11
002 DP - Bom Retiro,"[-23.523067, -46.64425139999999]",2021,Out,0,0,0,0,0,0,0,0,12,3,0,0,0,0,0,0,92,92,0,0,0,351,9
002 DP - Bom Retiro,"[-23.523067, -46.64425139999999]",2021,Nov,0,0,0,0,0,0,0,0,9,3,0,0,0,1,0,1,67,67,1,0,0,439,4
002 DP - Bom Retiro,"[-23.523067, -46.64425139999999]",2021,Dez,0,0,0,0,1,0,0,0,9,3,0,0,0,0,0,0,75,74,0,0,1,372,2
002 DP - Bom Retiro,"[-23.523067, -46.64425139999999]",2020,Jan,0,0,0,0,0,0,0,0,18,12,0,1,1,1,1,0,87,85,2,0,2,387,7
002 DP - Bom Retiro,"[-23.523067, -46.64425139999999]",2020,Fev,1,1,0,0,0,0,0,0,13,9,1,0,0,3,0,3,169,169,1,0,0,1.114,11
002 DP - Bom Retiro,"[-23.523067, -46.64425139999999]",2020,Mar,0,0,0,0,0,0,0,0,9,5,0,0,0,0,0,0,111,110,2,0,1,415,8
002 DP - Bom Retiro,"[-23.523067, -46.64425139999999]",2020,Abr,2,2,0,0,0,0,0,0,9,2,0,0,0,0,0,0,47,47,3,0,0,157,4
002 DP - Bom Retiro,"[-23.523067, -46.64425139999999]",2020,Mai,0,0,0,0,0,0,0,0,10,3,0,0,0,0,0,0,51,51,1,0,0,168,3
002 DP - Bom Retiro,"[-23.523067, -46.64425139999999]",2020,Jun,0,0,0,0,0,0,1,0,5,8,0,0,0,1,0,1,44,43,1,0,1,240,8
002 DP - Bom Retiro,"[-23.523067, -46.64425139999999]",2020,Jul,0,0,0,0,0,0,0,0,10,6,2,0,0,0,0,0,75,75,0,0,0,239,17
002 DP - Bom Retiro,"[-23.523067, -46.64425139999999]",2020,Ago,0,0,0,0,0,0,0,0,6,7,0,0,0,0,0,0,73,73,0,0,0,192,3
002 DP - Bom Retiro,"[-23.523067, -46.64425139999999]",2020,Set,0,0,0,0,0,0,0,0,15,8,0,0,0,1,1,0,69,69,1,0,0,193,13
002 DP - Bom Retiro,"[-23.523067, -46.64425139999999]",2020,Out,1,1,0,0,0,0,0,0,10,4,1,0,0,0,0,0,70,68,1,0,2,169,7
002 DP - Bom Retiro,"[-23.523067, -46.64425139999999]",2020,Nov,0,0,0,0,0,0,0,0,10,12,0,0,0,1,0,1,70,70,2,0,0,221,17
002 DP - Bom Retiro,"[-23.523067, -46.64425139999999]",2020,Dez,0,0,0,0,0,0,0,0,7,2,2,0,0,3,2,1,111,110,2,0,1,249,7
002 DP - Bom Retiro,"[-23.523067, -46.64425139999999]",2019,Jan,1,1,0,0,0,0,0,0,6,8,2,0,0,2,1,1,88,87,1,0,1,295,5
002 DP - Bom Retiro,"[-23.523067, -46.64425139999999]",2019,Fev,1,1,0,0,0,0,0,0,20,6,0,0,0,0,0,0,52,52,0,0,0,83,1
002 DP - Bom Retiro,"[-23.523067, -46.64425139999999]",2019,Mar,0,0,0,0,0,0,0,0,11,4,1,0,0,3,3,0,133,132,0,0,1,882,7
002 DP - Bom Retiro,"[-23.523067, -46.64425139999999]",2019,Abr,0,0,0,0,0,0,0,0,16,5,1,0,0,1,1,0,80,80,2,0,0,355,9
002 DP - Bom Retiro,"[-23.523067, -46.64425139999999]",2019,Mai,0,0,0,0,0,0,0,0,17,6,1,0,0,0,0,0,102,101,5,0,1,369,15
002 DP - Bom Retiro,"[-23.523067, -46.64425139999999]",2019,Jun,0,0,0,0,0,0,1,0,13,5,0,0,0,2,2,0,86,82,2,0,4,380,9
002 DP - Bom Retiro,"[-23.523067, -46.64425139999999]",2019,Jul,0,0,0,0,0,0,0,0,15,12,0,0,0,0,0,0,66,66,1,0,0,474,12
002 DP - Bom Retiro,"[-23.523067, -46.64425139999999]",2019,Ago,0,0,0,0,0,0,0,0,11,5,0,0,0,2,1,1,95,93,3,0,2,505,13
002 DP - Bom Retiro,"[-23.523067, -46.64425139999999]",2019,Set,0,0,0,0,0,0,0,0,14,8,0,0,0,1,0,1,99,98,0,0,1,356,7
002 DP - Bom Retiro,"[-23.523067, -46.64425139999999]",2019,Out,1,1,0,0,1,0,0,0,18,8,2,0,0,2,0,2,97,95,0,0,2,409,6
002 DP - Bom Retiro,"[-23.523067, -46.64425139999999]",2019,Nov,0,0,0,0,0,0,0,0,19,7,0,0,0,0,0,0,111,109,3,0,2,407,9
002 DP - Bom Retiro,"[-23.523067, -46.64425139999999]",2019,Dez,0,0,0,0,1,0,1,0,17,11,0,1,1,0,0,0,68,68,2,0,0,348,4
002 DP - Bom Retiro,"[-23.523067, -46.64425139999999]",2018,Jan,2,2,0,0,0,0,2,0,10,6,0,0,0,2,2,0,110,106,2,0,4,241,8
002 DP - Bom Retiro,"[-23.523067, -46.64425139999999]",2018,Fev,0,0,0,0,0,0,0,0,21,5,3,0,0,2,0,2,97,96,3,0,1,271,7
002 DP - Bom Retiro,"[-23.523067, -46.64425139999999]",2018,Mar,0,0,0,0,0,0,0,0,12,20,0,0,0,1,0,1,108,104,4,0,4,318,5
002 DP - Bom Retiro,"[-23.523067, -46.64425139999999]",2018,Abr,0,0,0,0,0,0,0,0,16,12,1,0,0,1,1,0,98,96,4,0,2,300,6
002 DP - Bom Retiro,"[-23.523067, -46.64425139999999]",2018,Mai,1,1,0,0,0,0,0,0,10,8,0,0,0,1,1,0,75,75,3,0,0,292,11
002 DP - Bom Retiro,"[-23.523067, -46.64425139999999]",2018,Jun,0,0,0,0,0,0,2,0,10,2,1,0,0,0,0,0,94,92,0,0,2,234,5
002 DP - Bom Retiro,"[-23.523067, -46.64425139999999]",2018,Jul,1,1,0,0,0,0,0,0,12,7,1,0,0,0,0,0,82,82,2,0,0,286,6
002 DP - Bom Retiro,"[-23.523067, -46.64425139999999]",2018,Ago,0,0,0,0,1,0,0,0,7,1,0,0,0,1,0,1,66,66,1,0,0,46,2
002 DP - Bom Retiro,"[-23.523067, -46.64425139999999]",2018,Set,0,0,0,0,0,0,2,0,8,8,1,0,0,0,0,0,37,35,4,0,2,66,4
002 DP - Bom Retiro,"[-23.523067, -46.64425139999999]",2018,Out,0,0,0,0,0,0,0,0,12,5,0,0,0,1,0,1,101,98,3,0,3,322,6
002 DP - Bom Retiro,"[-23.523067, -46.64425139999999]",2018,Nov,1,1,0,0,0,0,0,0,12,4,2,0,0,0,0,0,81,81,2,0,0,281,6
002 DP - Bom Retiro,"[-23.523067, -46.64425139999999]",2018,Dez,2,2,0,0,0,0,1,0,9,12,5,0,0,2,1,1,94,92,1,0,2,337,4
002 DP - Bom Retiro,"[-23.523067, -46.64425139999999]",2017,Jan,1,1,0,0,1,0,0,0,15,11,0,0,0,0,0,0,121,120,7,0,1,189,14
002 DP - Bom Retiro,"[-23.523067, -46.64425139999999]",2017,Fev,0,0,0,0,0,0,0,0,14,7,0,0,0,1,1,0,152,151,5,0,1,210,13
002 DP - Bom Retiro,"[-23.523067, -46.64425139999999]",2017,Mar,0,0,0,0,1,0,3,0,19,5,0,0,0,3,1,2,115,115,2,0,0,245,11
002 DP - Bom Retiro,"[-23.523067, -46.64425139999999]",2017,Abr,0,0,0,0,1,0,2,0,6,0,5,0,0,0,0,0,96,96,1,0,0,186,20
002 DP - Bom Retiro,"[-23.523067, -46.64425139999999]",2017,Mai,1,1,0,0,0,0,0,0,17,12,1,0,0,1,0,1,106,105,1,0,1,169,9
002 DP - Bom Retiro,"[-23.523067, -46.64425139999999]",2017,Jun,0,0,0,0,1,0,0,0,7,4,2,1,1,0,0,0,76,75,2,0,1,226,9
002 DP - Bom Retiro,"[-23.523067, -46.64425139999999]",2017,Jul,0,0,0,0,0,0,0,0,20,11,1,0,0,0,0,0,76,73,2,0,3,220,7
002 DP - Bom Retiro,"[-23.523067, -46.64425139999999]",2017,Ago,1,1,0,0,0,0,1,0,16,7,0,0,0,0,0,0,100,99,4,0,1,215,8
002 DP - Bom Retiro,"[-23.523067, -46.64425139999999]",2017,Set,0,0,0,0,0,0,0,0,18,6,0,0,0,0,0,0,138,136,7,0,2,373,15
002 DP - Bom Retiro,"[-23.523067, -46.64425139999999]",2017,Out,1,1,0,0,0,0,0,0,14,13,2,0,0,0,0,0,82,80,3,0,2,258,12
002 DP - Bom Retiro,"[-23.523067, -46.64425139999999]",2017,Nov,1,1,0,0,0,0,0,0,13,6,2,0,0,2,2,0,101,101,2,0,0,256,8
002 DP - Bom Retiro,"[-23.523067, -46.64425139999999]",2017,Dez,0,0,0,0,1,0,0,0,15,10,3,0,0,0,0,0,111,111,3,0,0,276,13
002 DP - Bom Retiro,"[-23.523067, -46.64425139999999]",2016,Jan,0,0,0,0,0,0,1,0,10,14,0,0,0,1,,0,72,,2,0,1,215,5
002 DP - Bom Retiro,"[-23.523067, -46.64425139999999]",2016,Fev,0,0,0,0,1,0,2,0,16,9,2,0,0,1,,0,55,,9,0,2,203,7
002 DP - Bom Retiro,"[-23.523067, -46.64425139999999]",2016,Mar,1,1,0,0,0,0,1,0,18,9,2,0,0,1,,0,65,,3,0,0,181,7
002 DP - Bom Retiro,"[-23.523067, -46.64425139999999]",2016,Abr,2,3,0,0,1,0,0,0,14,12,1,0,0,0,,0,77,,3,0,2,218,6
002 DP - Bom Retiro,"[-23.523067, -46.64425139999999]",2016,Mai,0,0,0,0,0,0,0,0,13,12,0,0,0,1,,0,81,,1,0,3,218,8
002 DP - Bom Retiro,"[-23.523067, -46.64425139999999]",2016,Jun,0,0,0,0,0,0,2,0,17,13,0,0,0,2,,0,68,,7,0,4,205,17
002 DP - Bom Retiro,"[-23.523067, -46.64425139999999]",2016,Jul,0,0,0,0,1,0,1,0,8,15,0,0,0,1,,0,90,,7,0,1,230,15
002 DP - Bom Retiro,"[-23.523067, -46.64425139999999]",2016,Ago,0,0,0,0,1,0,0,0,13,8,0,0,0,0,,0,96,,3,0,2,241,13
002 DP - Bom Retiro,"[-23.523067, -46.64425139999999]",2016,Set,1,1,0,0,0,0,1,0,22,7,0,1,1,0,,0,85,,1,0,1,212,8
002 DP - Bom Retiro,"[-23.523067, -46.64425139999999]",2016,Out,1,1,1,1,0,0,0,0,12,5,11,0,0,0,,0,124,,1,0,4,243,7
002 DP - Bom Retiro,"[-23.523067, -46.64425139999999]",2016,Nov,0,0,0,0,1,1,0,0,15,8,2,0,0,0,,0,115,,3,0,1,196,4
002 DP - Bom Retiro,"[-23.523067, -46.64425139999999]",2016,Dez,0,0,0,0,0,0,0,0,19,8,1,1,1,0,,0,100,,3,0,1,246,15
002 DP - Bom Retiro,"[-23.523067, -46.64425139999999]",2015,Jan,0,0,0,0,2,0,0,,16,11,0,0,0,0,...,,93,...,3,0,0,153,7
002 DP - Bom Retiro,"[-23.523067, -46.64425139999999]",2015,Fev,2,2,0,0,0,0,0,,13,14,0,0,0,0,...,,93,...,1,0,3,144,3
002 DP - Bom Retiro,"[-23.523067, -46.64425139999999]",2015,Mar,0,0,0,0,1,0,0,,14,21,0,0,0,1,...,,127,...,4,0,3,194,9
002 DP - Bom Retiro,"[-23.523067, -46.64425139999999]",2015,Abr,0,0,0,0,0,0,0,,13,14,0,0,0,1,...,,87,...,3,0,1,168,8
002 DP - Bom Retiro,"[-23.523067, -46.64425139999999]",2015,Mai,2,2,0,0,0,0,0,,9,23,1,0,0,0,...,,80,...,8,0,0,188,7
002 DP - Bom Retiro,"[-23.523067, -46.64425139999999]",2015,Jun,0,0,0,0,0,0,0,,22,24,0,0,0,0,...,,92,...,10,0,1,229,12
002 DP - Bom Retiro,"[-23.523067, -46.64425139999999]",2015,Jul,1,1,0,0,0,0,1,,20,21,0,0,0,0,...,,101,...,1,0,2,206,11
002 DP - Bom Retiro,"[-23.523067, -46.64425139999999]",2015,Ago,0,0,0,0,1,0,1,,15,22,1,0,0,0,...,,83,...,8,0,4,223,11
002 DP - Bom Retiro,"[-23.523067, -46.64425139999999]",2015,Set,0,0,0,0,0,0,0,,17,14,0,0,0,3,...,,78,...,7,0,3,227,15
002 DP - Bom Retiro,"[-23.523067, -46.64425139999999]",2015,Out,0,0,0,0,0,0,0,,14,23,0,0,0,1,...,,81,...,4,0,1,225,9
002 DP - Bom Retiro,"[-23.523067, -46.64425139999999]",2015,Nov,0,0,0,0,1,0,0,,18,11,0,0,0,1,...,,75,...,3,0,5,181,6
002 DP - Bom Retiro,"[-23.523067, -46.64425139999999]",2015,Dez,0,0,0,0,0,0,0,,19,20,0,0,0,1,...,,65,...,5,0,5,108,2
002 DP - Bom Retiro,"[-23.523067, -46.64425139999999]",2014,Jan,0,0,0,0,0,0,0,,18,16,0,0,0,1,,,84,,1,0,1,177,10
002 DP - Bom Retiro,"[-23.523067, -46.64425139999999]",2014,Fev,0,0,0,0,0,0,0,,8,22,0,0,0,0,,,65,,6,0,0,200,5
002 DP - Bom Retiro,"[-23.523067, -46.64425139999999]",2014,Mar,1,1,0,0,0,0,0,,16,20,1,0,0,0,,,75,,4,0,1,191,13
002 DP - Bom Retiro,"[-23.523067, -46.64425139999999]",2014,Abr,0,0,0,0,0,0,0,,11,26,0,0,0,1,,,49,,1,0,0,190,9
002 DP - Bom Retiro,"[-23.523067, -46.64425139999999]",2014,Mai,0,0,0,0,2,0,0,,19,22,0,0,0,1,,,66,,4,0,0,195,16
002 DP - Bom Retiro,"[-23.523067, -46.64425139999999]",2014,Jun,0,0,0,0,0,0,1,,19,17,0,0,0,0,,,69,,3,0,1,190,8
002 DP - Bom Retiro,"[-23.523067, -46.64425139999999]",2014,Jul,0,0,0,0,0,0,1,,12,16,0,0,0,0,,,57,,1,0,0,177,10
002 DP - Bom Retiro,"[-23.523067, -46.64425139999999]",2014,Ago,2,2,0,0,1,0,0,,10,20,1,0,0,0,,,49,,4,0,1,145,6
002 DP - Bom Retiro,"[-23.523067, -46.64425139999999]",2014,Set,0,0,0,0,1,0,0,,15,15,1,0,0,1,,,76,,4,0,0,125,11
002 DP - Bom Retiro,"[-23.523067, -46.64425139999999]",2014,Out,0,0,0,0,0,0,1,,19,16,0,0,0,0,,,64,,3,0,0,149,10
002 DP - Bom Retiro,"[-23.523067, -46.64425139999999]",2014,Nov,1,1,0,0,0,0,0,,14,15,1,0,0,1,,,83,,7,0,0,179,4
002 DP - Bom Retiro,"[-23.523067, -46.64425139999999]",2014,Dez,0,0,0,0,0,0,0,,19,13,1,0,0,1,,,77,,1,0,0,159,7
002 DP - Bom Retiro,"[-23.523067, -46.64425139999999]",2013,Jan,0,0,0,0,0,0,0,,11,18,1,0,0,1,,,64,,5,0,2,178,14
002 DP - Bom Retiro,"[-23.523067, -46.64425139999999]",2013,Fev,1,1,0,0,0,0,1,,17,16,0,0,0,0,,,58,,7,0,1,157,17
002 DP - Bom Retiro,"[-23.523067, -46.64425139999999]",2013,Mar,0,0,0,0,1,0,0,,16,18,0,0,0,1,,,45,,3,0,0,154,11
002 DP - Bom Retiro,"[-23.523067, -46.64425139999999]",2013,Abr,0,0,0,0,1,0,0,,22,28,0,0,0,1,,,53,,5,0,0,150,16
002 DP - Bom Retiro,"[-23.523067, -46.64425139999999]",2013,Mai,0,0,0,0,0,0,1,,21,25,0,0,0,2,,,57,,9,0,0,172,9
002 DP - Bom Retiro,"[-23.523067, -46.64425139999999]",2013,Jun,2,2,0,0,0,0,1,,8,17,0,0,0,0,,,50,,3,0,1,186,9
002 DP - Bom Retiro,"[-23.523067, -46.64425139999999]",2013,Jul,0,0,0,0,0,0,3,,12,21,0,0,0,0,,,47,,2,0,0,207,8
002 DP - Bom Retiro,"[-23.523067, -46.64425139999999]",2013,Ago,0,0,0,0,0,0,1,,16,20,0,0,0,1,,,49,,6,0,0,166,4
002 DP - Bom Retiro,"[-23.523067, -46.64425139999999]",2013,Set,1,1,0,0,1,0,1,,11,19,0,0,0,0,,,48,,3,0,0,158,14
002 DP - Bom Retiro,"[-23.523067, -46.64425139999999]",2013,Out,0,0,0,0,0,0,1,,19,21,0,0,0,1,,,46,,7,0,0,213,8
002 DP - Bom Retiro,"[-23.523067, -46.64425139999999]",2013,Nov,0,0,0,0,1,0,0,,21,19,1,0,0,1,,,37,,4,0,1,219,11
002 DP - Bom Retiro,"[-23.523067, -46.64425139999999]",2013,Dez,0,0,0,0,1,0,1,,24,14,0,0,0,0,,,53,,2,0,0,167,4
002 DP - Bom Retiro,"[-23.523067, -46.64425139999999]",2012,Jan,1,1,0,0,0,0,0,,14,12,1,0,0,1,,,38,,6,0,0,106,4
002 DP - Bom Retiro,"[-23.523067, -46.64425139999999]",2012,Fev,1,2,0,0,0,0,0,,14,15,0,0,0,1,,,31,,10,0,2,182,7
002 DP - Bom Retiro,"[-23.523067, -46.64425139999999]",2012,Mar,1,1,0,0,0,0,0,,14,26,2,0,0,0,,,44,,3,0,1,160,3
002 DP - Bom Retiro,"[-23.523067, -46.64425139999999]",2012,Abr,0,0,0,0,0,0,2,,14,20,0,0,0,0,,,50,,2,0,0,137,8
002 DP - Bom Retiro,"[-23.523067, -46.64425139999999]",2012,Mai,0,0,0,0,1,0,0,,12,17,0,0,0,2,,,66,,5,0,0,223,7
002 DP - Bom Retiro,"[-23.523067, -46.64425139999999]",2012,Jun,1,1,0,0,0,0,0,,14,22,0,0,0,0,,,48,,3,0,2,169,7
002 DP - Bom Retiro,"[-23.523067, -46.64425139999999]",2012,Jul,0,0,0,0,0,0,0,,14,18,0,0,0,1,,,67,,3,0,0,139,4
002 DP - Bom Retiro,"[-23.523067, -46.64425139999999]",2012,Ago,0,0,0,0,1,0,0,,19,22,0,0,0,1,,,47,,3,0,0,184,9
002 DP - Bom Retiro,"[-23.523067, -46.64425139999999]",2012,Set,1,1,0,0,0,0,1,,9,18,1,0,0,1,,,34,,6,0,0,195,13
002 DP - Bom Retiro,"[-23.523067, -46.64425139999999]",2012,Out,1,1,0,0,0,0,1,,15,20,0,0,0,0,,,64,,8,0,1,191,7
002 DP - Bom Retiro,"[-23.523067, -46.64425139999999]",2012,Nov,0,0,0,0,0,0,1,,6,19,0,0,0,1,,,54,,3,0,0,170,11
002 DP - Bom Retiro,"[-23.523067, -46.64425139999999]",2012,Dez,0,0,0,0,0,0,1,,21,27,1,0,0,0,,,64,,2,0,1,202,15
002 DP - Bom Retiro,"[-23.523067, -46.64425139999999]",2011,Jan,0,0,,,2,0,0,,5,15,0,0,0,0,,,37,,6,0,1,119,7
002 DP - Bom Retiro,"[-23.523067, -46.64425139999999]",2011,Fev,1,1,,,6,0,0,,10,17,0,0,0,1,,,71,,4,0,3,153,5
002 DP - Bom Retiro,"[-23.523067, -46.64425139999999]",2011,Mar,0,0,,,0,0,0,,10,16,3,0,0,0,,,48,,6,0,1,152,1
002 DP - Bom Retiro,"[-23.523067, -46.64425139999999]",2011,Abr,0,0,,,3,0,0,,16,17,7,0,0,0,,,62,,5,0,3,148,4
002 DP - Bom Retiro,"[-23.523067, -46.64425139999999]",2011,Mai,1,1,,,1,0,0,,10,27,0,0,0,0,,,59,,4,0,2,184,11
002 DP - Bom Retiro,"[-23.523067, -46.64425139999999]",2011,Jun,0,0,,,0,0,0,,4,22,0,0,0,0,,,46,,5,0,1,144,10
002 DP - Bom Retiro,"[-23.523067, -46.64425139999999]",2011,Jul,1,1,,,1,0,1,,14,18,0,0,0,0,,,50,,1,0,1,180,9
002 DP - Bom Retiro,"[-23.523067, -46.64425139999999]",2011,Ago,0,0,,,0,0,0,,13,18,0,0,0,1,,,49,,7,0,4,193,14
002 DP - Bom Retiro,"[-23.523067, -46.64425139999999]",2011,Set,0,0,,,0,0,1,,8,21,0,0,0,0,,,54,,10,0,2,147,9
002 DP - Bom Retiro,"[-23.523067, -46.64425139999999]",2011,Out,1,1,,,0,0,0,,14,20,1,0,0,0,,,55,,7,0,1,187,5
002 DP - Bom Retiro,"[-23.523067, -46.64425139999999]",2011,Nov,0,0,,,0,0,1,,13,23,13,0,0,0,,,48,,4,0,0,171,6
002 DP - Bom Retiro,"[-23.523067, -46.64425139999999]",2011,Dez,0,0,,,0,0,0,,19,28,0,0,0,0,,,52,,4,0,0,155,4
002 DP - Bom Retiro,"[-23.523067, -46.64425139999999]",2010,Jan,0,0,0,0,0,0,2,,6,22,0,0,0,0,,,48,,3,0,1,74,6
002 DP - Bom Retiro,"[-23.523067, -46.64425139999999]",2010,Fev,1,1,0,0,1,0,1,,8,18,0,0,0,1,,,57,,5,0,1,134,7
002 DP - Bom Retiro,"[-23.523067, -46.64425139999999]",2010,Mar,1,1,0,0,0,0,0,,10,33,0,0,0,0,,,41,,7,0,2,164,14
002 DP - Bom Retiro,"[-23.523067, -46.64425139999999]",2010,Abr,0,0,0,0,1,0,0,,16,27,0,0,0,0,,,38,,2,0,0,111,10
002 DP - Bom Retiro,"[-23.523067, -46.64425139999999]",2010,Mai,1,1,0,0,0,0,0,,14,26,1,0,0,0,,,67,,5,0,3,178,12
002 DP - Bom Retiro,"[-23.523067, -46.64425139999999]",2010,Jun,0,0,0,0,0,0,0,,16,23,0,0,0,0,,,43,,3,0,2,175,3
002 DP - Bom Retiro,"[-23.523067, -46.64425139999999]",2010,Jul,0,0,0,0,1,0,0,,8,29,0,0,0,0,,,53,,9,0,1,183,12
002 DP - Bom Retiro,"[-23.523067, -46.64425139999999]",2010,Ago,0,0,0,0,0,0,0,,5,22,0,0,0,1,,,45,,5,0,0,170,8
002 DP - Bom Retiro,"[-23.523067, -46.64425139999999]",2010,Set,0,0,0,0,0,0,0,,8,21,1,0,0,0,,,56,,9,0,1,174,5
002 DP - Bom Retiro,"[-23.523067, -46.64425139999999]",2010,Out,1,1,0,0,0,0,0,,9,17,0,0,0,0,,,57,,8,0,4,157,11
002 DP - Bom Retiro,"[-23.523067, -46.64425139999999]",2010,Nov,0,0,0,0,1,0,0,,8,10,0,0,0,0,,,54,,3,0,0,133,14
002 DP - Bom Retiro,"[-23.523067, -46.64425139999999]",2010,Dez,0,0,0,0,0,0,0,,9,27,0,0,0,0,,,66,,4,0,0,145,5
002 DP - Bom Retiro,"[-23.523067, -46.64425139999999]",2009,Jan,1,1,0,0,1,0,0,0,12,22,1,0,0,2,,,58,,6,0,0,116,23
002 DP - Bom Retiro,"[-23.523067, -46.64425139999999]",2009,Fev,1,1,0,0,2,0,2,0,18,27,0,0,0,1,,,46,,5,0,1,108,16
002 DP - Bom Retiro,"[-23.523067, -46.64425139999999]",2009,Mar,1,1,0,0,1,0,0,0,13,23,0,0,0,0,,,53,,4,0,1,111,19
002 DP - Bom Retiro,"[-23.523067, -46.64425139999999]",2009,Abr,0,0,0,0,1,0,0,0,7,25,0,1,1,0,,,53,,9,0,1,93,8
002 DP - Bom Retiro,"[-23.523067, -46.64425139999999]",2009,Mai,0,0,0,0,0,0,1,0,8,28,0,0,0,0,,,57,,6,0,3,131,12
002 DP - Bom Retiro,"[-23.523067, -46.64425139999999]",2009,Jun,0,0,0,0,1,0,0,0,9,24,0,0,0,0,,,57,,1,0,0,84,7
002 DP - Bom Retiro,"[-23.523067, -46.64425139999999]",2009,Jul,0,0,0,0,0,0,0,0,9,20,1,0,0,0,,,59,,4,0,3,135,8
002 DP - Bom Retiro,"[-23.523067, -46.64425139999999]",2009,Ago,1,1,0,0,0,0,0,0,8,23,0,0,0,2,,,47,,7,0,0,148,9
002 DP - Bom Retiro,"[-23.523067, -46.64425139999999]",2009,Set,0,0,0,0,1,0,1,0,9,27,0,0,0,1,,,44,,2,0,1,89,3
002 DP - Bom Retiro,"[-23.523067, -46.64425139999999]",2009,Out,3,3,0,0,1,0,1,0,8,43,0,0,0,0,,,52,,3,0,2,73,10
002 DP - Bom Retiro,"[-23.523067, -46.64425139999999]",2009,Nov,0,0,0,0,1,0,1,0,10,27,0,0,0,0,,,49,,10,0,1,203,13
002 DP - Bom Retiro,"[-23.523067, -46.64425139999999]",2009,Dez,1,1,0,0,0,0,1,0,12,32,0,0,0,1,,,60,,2,0,0,163,10
002 DP - Bom Retiro,"[-23.523067, -46.64425139999999]",2008,Jan,0,0,0,0,2,0,2,0,9,17,1,0,0,0,,,41,,6,0,2,103,17
002 DP - Bom Retiro,"[-23.523067, -46.64425139999999]",2008,Fev,0,0,0,0,1,0,0,0,9,24,0,0,0,0,,,45,,0,0,1,100,5
002 DP - Bom Retiro,"[-23.523067, -46.64425139999999]",2008,Mar,2,2,0,0,0,0,0,0,17,27,0,0,0,0,,,47,,2,0,1,125,10
002 DP - Bom Retiro,"[-23.523067, -46.64425139999999]",2008,Abr,0,0,0,0,0,0,0,0,11,26,0,0,0,0,,,52,,5,0,1,183,17
002 DP - Bom Retiro,"[-23.523067, -46.64425139999999]",2008,Mai,0,0,0,0,1,0,0,0,12,28,0,0,0,0,,,51,,2,0,5,148,10
002 DP - Bom Retiro,"[-23.523067, -46.64425139999999]",2008,Jun,1,1,0,0,1,0,0,0,16,33,0,0,0,0,,,47,,3,1,0,200,19
002 DP - Bom Retiro,"[-23.523067, -46.64425139999999]",2008,Jul,0,0,0,0,0,0,0,0,9,33,0,0,0,0,,,53,,7,0,2,110,7
002 DP - Bom Retiro,"[-23.523067, -46.64425139999999]",2008,Ago,0,0,0,0,0,0,0,0,20,32,1,0,0,0,,,67,,6,0,1,100,11
002 DP - Bom Retiro,"[-23.523067, -46.64425139999999]",2008,Set,0,0,0,0,1,0,1,0,7,23,2,0,0,0,,,72,,4,0,1,76,12
002 DP - Bom Retiro,"[-23.523067, -46.64425139999999]",2008,Out,0,0,0,0,0,0,1,0,16,35,0,0,0,0,,,43,,7,0,3,73,11
002 DP - Bom Retiro,"[-23.523067, -46.64425139999999]",2008,Nov,1,1,0,0,1,0,0,0,7,27,0,0,0,0,,,41,,4,0,1,58,7
002 DP - Bom Retiro,"[-23.523067, -46.64425139999999]",2008,Dez,1,1,0,0,0,0,1,0,19,25,1,0,0,0,,,54,,2,0,1,100,7
002 DP - Bom Retiro,"[-23.523067, -46.64425139999999]",2007,Jan,0,0,0,0,2,0,0,0,13,26,0,0,0,0,,,49,,4,0,0,135,9
002 DP - Bom Retiro,"[-23.523067, -46.64425139999999]",2007,Fev,0,0,0,0,0,0,0,0,15,21,0,0,0,0,,,46,,8,3,2,117,9
002 DP - Bom Retiro,"[-23.523067, -46.64425139999999]",2007,Mar,0,0,0,0,1,0,1,0,18,16,0,0,0,1,,,46,,8,0,0,103,6
002 DP - Bom Retiro,"[-23.523067, -46.64425139999999]",2007,Abr,3,3,0,0,2,0,0,0,9,22,0,0,0,0,,,57,,8,0,5,143,7
002 DP - Bom Retiro,"[-23.523067, -46.64425139999999]",2007,Mai,0,0,0,0,0,0,2,0,12,27,0,0,0,0,,,70,,8,0,8,152,14
002 DP - Bom Retiro,"[-23.523067, -46.64425139999999]",2007,Jun,1,1,0,0,1,0,0,0,9,34,0,0,0,0,,,51,,5,0,2,125,19
002 DP - Bom Retiro,"[-23.523067, -46.64425139999999]",2007,Jul,0,0,0,0,0,0,0,0,14,27,0,0,0,0,,,41,,4,0,1,148,9
002 DP - Bom Retiro,"[-23.523067, -46.64425139999999]",2007,Ago,0,0,0,0,0,0,0,0,16,35,0,0,0,0,,,44,,5,0,1,151,16
002 DP - Bom Retiro,"[-23.523067, -46.64425139999999]",2007,Set,0,0,0,0,1,0,1,0,13,30,1,0,0,0,,,43,,10,0,1,132,10
002 DP - Bom Retiro,"[-23.523067, -46.64425139999999]",2007,Out,0,0,0,0,1,0,1,0,12,26,0,0,0,0,,,60,,5,0,2,116,9
002 DP - Bom Retiro,"[-23.523067, -46.64425139999999]",2007,Nov,0,0,0,0,1,0,0,0,13,21,0,0,0,0,,,48,,0,0,0,91,9
002 DP - Bom Retiro,"[-23.523067, -46.64425139999999]",2007,Dez,1,1,0,0,0,0,1,0,11,26,1,0,0,1,,,44,,4,0,1,82,9
002 DP - Bom Retiro,"[-23.523067, -46.64425139999999]",2006,Jan,0,0,0,0,2,0,0,0,17,26,0,0,0,0,,,52,,4,0,2,199,13
002 DP - Bom Retiro,"[-23.523067, -46.64425139999999]",2006,Fev,0,0,0,0,1,0,0,0,14,32,0,0,0,0,,,58,,5,0,0,141,22
002 DP - Bom Retiro,"[-23.523067, -46.64425139999999]",2006,Mar,0,0,0,0,1,1,0,0,21,34,0,0,0,0,,,43,,6,0,0,201,8
002 DP - Bom Retiro,"[-23.523067, -46.64425139999999]",2006,Abr,1,1,0,0,0,0,0,0,26,27,0,0,0,0,,,63,,6,0,1,169,7
002 DP - Bom Retiro,"[-23.523067, -46.64425139999999]",2006,Mai,1,1,0,0,0,0,1,0,17,26,0,0,0,0,,,56,,4,0,2,292,8
002 DP - Bom Retiro,"[-23.523067, -46.64425139999999]",2006,Jun,0,0,0,0,0,0,0,0,14,29,0,0,0,0,,,69,,6,1,1,165,9
002 DP - Bom Retiro,"[-23.523067, -46.64425139999999]",2006,Jul,0,0,0,0,0,0,0,0,10,16,0,0,0,0,,,44,,11,0,1,183,9
002 DP - Bom Retiro,"[-23.523067, -46.64425139999999]",2006,Ago,0,0,0,0,0,0,0,0,15,19,0,0,0,0,,,54,,10,0,2,163,11
002 DP - Bom Retiro,"[-23.523067, -46.64425139999999]",2006,Set,0,0,0,0,0,0,0,0,10,27,0,0,0,0,,,41,,4,0,0,113,12
002 DP - Bom Retiro,"[-23.523067, -46.64425139999999]",2006,Out,0,0,0,0,1,0,0,0,15,27,0,0,0,0,,,47,,6,0,2,144,11
002 DP - Bom Retiro,"[-23.523067, -46.64425139999999]",2006,Nov,1,1,0,0,0,0,1,0,15,16,0,0,0,1,,,53,,7,0,0,191,18
002 DP - Bom Retiro,"[-23.523067, -46.64425139999999]",2006,Dez,0,0,0,0,1,0,0,0,18,37,0,0,0,0,,,46,,6,0,1,156,6
002 DP - Bom Retiro,"[-23.523067, -46.64425139999999]",2005,Jan,1,1,0,0,1,0,2,0,27,23,0,0,0,0,,,40,,8,0,0,91,20
002 DP - Bom Retiro,"[-23.523067, -46.64425139999999]",2005,Fev,0,0,0,0,0,0,1,0,15,27,1,0,0,0,,,29,,5,0,3,94,17
002 DP - Bom Retiro,"[-23.523067, -46.64425139999999]",2005,Mar,0,0,0,0,0,0,2,0,12,32,1,0,0,0,,,48,,6,0,2,111,14
002 DP - Bom Retiro,"[-23.523067, -46.64425139999999]",2005,Abr,0,0,0,0,2,0,0,0,24,27,0,0,0,0,,,43,,8,0,2,132,11
002 DP - Bom Retiro,"[-23.523067, -46.64425139999999]",2005,Mai,2,1,0,0,2,0,0,0,21,36,0,0,0,0,,,55,,10,0,0,155,11
002 DP - Bom Retiro,"[-23.523067, -46.64425139999999]",2005,Jun,0,1,0,0,0,0,0,0,13,31,0,0,0,0,,,41,,7,0,4,136,19
002 DP - Bom Retiro,"[-23.523067, -46.64425139999999]",2005,Jul,0,0,0,0,1,0,0,0,24,28,0,0,1,0,,,49,,5,0,1,133,25
002 DP - Bom Retiro,"[-23.523067, -46.64425139999999]",2005,Ago,1,1,0,0,1,0,0,0,10,30,0,0,1,0,,,48,,3,0,1,109,14
002 DP - Bom Retiro,"[-23.523067, -46.64425139999999]",2005,Set,0,0,0,0,1,0,1,0,18,28,5,0,0,0,,,48,,2,1,1,130,16
002 DP - Bom Retiro,"[-23.523067, -46.64425139999999]",2005,Out,0,0,0,0,2,0,1,0,17,36,0,0,0,0,,,60,,10,0,2,130,21
002 DP - Bom Retiro,"[-23.523067, -46.64425139999999]",2005,Nov,0,0,0,0,2,0,2,0,16,15,1,0,0,0,,,58,,4,0,2,160,9
002 DP - Bom Retiro,"[-23.523067, -46.64425139999999]",2005,Dez,0,0,0,0,0,0,0,0,18,24,2,0,0,0,,,55,,3,1,1,175,11
002 DP - Bom Retiro,"[-23.523067, -46.64425139999999]",2004,Jan,0,0,0,0,0,0,1,0,13,15,0,0,0,1,,,36,,7,0,2,86,9
002 DP - Bom Retiro,"[-23.523067, -46.64425139999999]",2004,Fev,0,0,0,0,0,0,3,0,12,25,0,0,0,0,,,40,,3,0,1,98,12
002 DP - Bom Retiro,"[-23.523067, -46.64425139999999]",2004,Mar,2,2,0,0,2,1,1,0,18,30,0,0,0,0,,,43,,4,0,0,88,12
002 DP - Bom Retiro,"[-23.523067, -46.64425139999999]",2004,Abr,0,0,0,0,3,0,0,0,21,31,0,0,0,0,,,39,,8,0,1,132,12
002 DP - Bom Retiro,"[-23.523067, -46.64425139999999]",2004,Mai,0,0,0,0,1,0,2,0,22,30,1,0,0,0,,,54,,5,0,2,192,7
002 DP - Bom Retiro,"[-23.523067, -46.64425139999999]",2004,Jun,1,1,0,0,1,0,0,0,11,22,0,0,0,0,,,50,,6,0,2,136,13
002 DP - Bom Retiro,"[-23.523067, -46.64425139999999]",2004,Jul,0,0,0,0,1,0,2,0,15,35,0,0,0,0,,,51,,12,0,2,179,10
002 DP - Bom Retiro,"[-23.523067, -46.64425139999999]",2004,Ago,0,0,0,0,0,0,1,0,17,30,0,0,0,0,,,44,,5,0,2,115,14
002 DP - Bom Retiro,"[-23.523067, -46.64425139999999]",2004,Set,4,3,0,0,0,0,1,0,20,31,0,0,0,0,,,62,,6,0,2,131,13
002 DP - Bom Retiro,"[-23.523067, -46.64425139999999]",2004,Out,0,0,0,0,1,0,1,0,18,21,0,0,0,0,,,55,,3,1,2,139,16
002 DP - Bom Retiro,"[-23.523067, -46.64425139999999]",2004,Nov,1,1,0,0,0,0,1,0,9,15,0,0,0,2,,,58,,3,0,1,140,7
002 DP - Bom Retiro,"[-23.523067, -46.64425139999999]",2004,Dez,1,1,0,0,0,0,2,0,20,35,0,0,0,0,,,56,,4,0,2,136,7
002 DP - Bom Retiro,"[-23.523067, -46.64425139999999]",2003,Jan,0,0,0,0,0,0,2,0,9,9,0,0,0,0,,,53,,3,0,1,69,12
002 DP - Bom Retiro,"[-23.523067, -46.64425139999999]",2003,Fev,0,0,0,0,1,0,0,0,3,13,0,0,0,0,,,55,,2,0,1,79,25
002 DP - Bom Retiro,"[-23.523067, -46.64425139999999]",2003,Mar,0,0,0,0,3,0,3,0,7,15,0,0,0,0,,,35,,5,0,2,76,6
002 DP - Bom Retiro,"[-23.523067, -46.64425139999999]",2003,Abr,0,0,0,0,0,0,1,0,9,20,0,0,0,0,,,53,,7,0,0,71,9
002 DP - Bom Retiro,"[-23.523067, -46.64425139999999]",2003,Mai,0,0,0,0,0,0,1,0,12,12,0,1,1,0,,,53,,8,0,0,85,11
002 DP - Bom Retiro,"[-23.523067, -46.64425139999999]",2003,Jun,0,0,0,0,1,0,1,0,14,12,0,0,0,1,,,48,,7,0,5,83,8
002 DP - Bom Retiro,"[-23.523067, -46.64425139999999]",2003,Jul,1,1,0,0,0,0,0,0,11,10,0,0,0,0,,,49,,6,0,3,104,14
002 DP - Bom Retiro,"[-23.523067, -46.64425139999999]",2003,Ago,3,3,0,0,1,0,1,0,3,7,0,0,0,0,,,67,,6,0,6,101,14
002 DP - Bom Retiro,"[-23.523067, -46.64425139999999]",2003,Set,0,0,0,0,0,2,0,0,9,24,0,0,0,0,,,41,,7,0,3,110,14
002 DP - Bom Retiro,"[-23.523067, -46.64425139999999]",2003,Out,1,1,0,0,1,0,1,0,19,20,0,0,0,1,,,45,,6,0,1,108,19
002 DP - Bom Retiro,"[-23.523067, -46.64425139999999]",2003,Nov,1,1,0,0,1,1,0,0,11,22,0,0,0,1,,,38,,6,0,3,142,11
002 DP - Bom Retiro,"[-23.523067, -46.64425139999999]",2003,Dez,1,1,0,0,1,0,0,0,15,19,0,0,0,0,,,37,,3,0,0,136,11
002 DP - Bom Retiro,"[-23.523067, -46.64425139999999]",2002,Jan,0,0,0,0,3,0,0,0,9,11,0,0,0,0,,,47,,4,0,0,85,22
002 DP - Bom Retiro,"[-23.523067, -46.64425139999999]",2002,Fev,0,0,0,0,0,0,1,0,5,7,0,0,0,0,,,50,,5,0,0,69,15
002 DP - Bom Retiro,"[-23.523067, -46.64425139999999]",2002,Mar,2,2,0,0,2,0,0,0,12,15,0,0,0,0,,,54,,10,0,0,80,13
002 DP - Bom Retiro,"[-23.523067, -46.64425139999999]",2002,Abr,1,1,0,0,1,0,0,0,10,14,0,0,0,0,,,52,,4,0,0,78,12
002 DP - Bom Retiro,"[-23.523067, -46.64425139999999]",2002,Mai,0,0,0,0,1,0,2,0,6,11,0,0,0,0,,,54,,8,0,0,83,12
002 DP - Bom Retiro,"[-23.523067, -46.64425139999999]",2002,Jun,2,2,0,0,3,0,0,0,4,9,0,0,0,0,,,51,,3,0,2,60,10
002 DP - Bom Retiro,"[-23.523067, -46.64425139999999]",2002,Jul,2,2,0,0,1,0,3,0,5,12,0,0,0,0,,,32,,2,0,2,60,13
002 DP - Bom Retiro,"[-23.523067, -46.64425139999999]",2002,Ago,3,3,0,0,0,0,0,0,9,8,0,0,0,0,,,32,,8,0,2,95,23
002 DP - Bom Retiro,"[-23.523067, -46.64425139999999]",2002,Set,1,1,0,0,1,0,0,0,3,11,1,0,0,1,,,36,,5,0,1,68,12
002 DP - Bom Retiro,"[-23.523067, -46.64425139999999]",2002,Out,0,0,0,0,2,0,0,0,8,14,0,0,0,0,,,59,,12,0,5,107,17
002 DP - Bom Retiro,"[-23.523067, -46.64425139999999]",2002,Nov,2,2,0,0,1,0,2,0,7,14,1,0,0,0,,,35,,4,0,2,84,18
002 DP - Bom Retiro,"[-23.523067, -46.64425139999999]",2002,Dez,0,0,0,0,3,0,0,0,10,18,0,0,0,0,,,54,,1,0,1,117,13
002 DP - Bom Retiro,"[-23.523067, -46.64425139999999]",2001,Jan,2,1,0,0,0,0,1,0,9,19,0,0,0,1,,,57,,8,0,0,167,12
002 DP - Bom Retiro,"[-23.523067, -46.64425139999999]",2001,Fev,1,1,0,0,1,0,1,0,7,9,0,0,0,0,,,60,,10,0,0,85,18
002 DP - Bom Retiro,"[-23.523067, -46.64425139999999]",2001,Mar,1,1,0,0,0,0,0,0,5,13,1,0,0,0,,,56,,7,0,0,100,12
002 DP - Bom Retiro,"[-23.523067, -46.64425139999999]",2001,Abr,2,1,0,0,0,0,2,0,11,12,0,0,0,0,,,48,,4,0,0,80,9
002 DP - Bom Retiro,"[-23.523067, -46.64425139999999]",2001,Mai,0,0,0,0,0,0,1,0,11,19,0,0,0,0,,,60,,7,0,1,107,17
002 DP - Bom Retiro,"[-23.523067, -46.64425139999999]",2001,Jun,0,0,0,0,0,0,2,0,7,14,0,0,0,0,,,43,,4,0,0,94,18
002 DP - Bom Retiro,"[-23.523067, -46.64425139999999]",2001,Jul,0,0,0,0,2,0,0,0,6,19,0,0,0,0,,,47,,10,0,0,102,30
002 DP - Bom Retiro,"[-23.523067, -46.64425139999999]",2001,Ago,1,1,0,0,2,0,0,0,8,12,0,0,0,1,,,38,,9,0,0,99,11
002 DP - Bom Retiro,"[-23.523067, -46.64425139999999]",2001,Set,1,1,0,0,6,0,0,0,11,21,0,0,0,0,,,53,,7,0,0,92,7
002 DP - Bom Retiro,"[-23.523067, -46.64425139999999]",2001,Out,1,1,0,0,1,0,1,0,6,10,0,0,0,0,,,46,,11,0,0,126,18
002 DP - Bom Retiro,"[-23.523067, -46.64425139999999]",2001,Nov,2,2,0,0,1,0,1,0,9,14,0,0,0,0,,,37,,8,0,0,114,10
002 DP - Bom Retiro,"[-23.523067, -46.64425139999999]",2001,Dez,2,2,0,0,2,0,1,0,9,31,0,0,0,0,,,36,,9,0,1,112,18
003 DP - Campos Elísios,"[-23.539323, -46.6397243]",2022,Jan,2,2,0,0,0,0,1,0,23,11,1,0,0,1,0,1,707,703,2,0,4,724,3
003 DP - Campos Elísios,"[-23.539323, -46.6397243]",2022,Fev,0,0,0,0,0,0,0,1,20,6,0,0,0,1,0,1,549,548,1,0,1,685,9
003 DP - Campos Elísios,"[-23.539323, -46.6397243]",2022,Mar,...,...,...,...,...,...,...,...,...,...,...,...,...,...,...,...,...,...,...,...,...,...,...
003 DP - Campos Elísios,"[-23.539323, -46.6397243]",2022,Abr,...,...,...,...,...,...,...,...,...,...,...,...,...,...,...,...,...,...,...,...,...,...,...
003 DP - Campos Elísios,"[-23.539323, -46.6397243]",2022,Mai,...,...,...,...,...,...,...,...,...,...,...,...,...,...,...,...,...,...,...,...,...,...,...
003 DP - Campos Elísios,"[-23.539323, -46.6397243]",2022,Jun,...,...,...,...,...,...,...,...,...,...,...,...,...,...,...,...,...,...,...,...,...,...,...
003 DP - Campos Elísios,"[-23.539323, -46.6397243]",2022,Jul,...,...,...,...,...,...,...,...,...,...,...,...,...,...,...,...,...,...,...,...,...,...,...
003 DP - Campos Elísios,"[-23.539323, -46.6397243]",2022,Ago,...,...,...,...,...,...,...,...,...,...,...,...,...,...,...,...,...,...,...,...,...,...,...
003 DP - Campos Elísios,"[-23.539323, -46.6397243]",2022,Set,...,...,...,...,...,...,...,...,...,...,...,...,...,...,...,...,...,...,...,...,...,...,...
003 DP - Campos Elísios,"[-23.539323, -46.6397243]",2022,Out,...,...,...,...,...,...,...,...,...,...,...,...,...,...,...,...,...,...,...,...,...,...,...
003 DP - Campos Elísios,"[-23.539323, -46.6397243]",2022,Nov,...,...,...,...,...,...,...,...,...,...,...,...,...,...,...,...,...,...,...,...,...,...,...
003 DP - Campos Elísios,"[-23.539323, -46.6397243]",2022,Dez,...,...,...,...,...,...,...,...,...,...,...,...,...,...,...,...,...,...,...,...,...,...,...
003 DP - Campos Elísios,"[-23.539323, -46.6397243]",2021,Jan,0,0,0,0,1,0,3,0,28,5,1,0,0,0,0,0,340,338,4,0,2,464,9
003 DP - Campos Elísios,"[-23.539323, -46.6397243]",2021,Fev,0,0,0,0,0,0,0,0,28,12,0,0,0,3,3,0,253,253,2,0,0,461,12
003 DP - Campos Elísios,"[-23.539323, -46.6397243]",2021,Mar,1,1,0,0,1,0,0,0,23,5,0,0,0,2,2,0,225,225,3,0,0,415,3
003 DP - Campos Elísios,"[-23.539323, -46.6397243]",2021,Abr,0,0,0,0,1,0,0,0,21,3,1,0,0,0,0,0,195,195,1,0,0,376,13
003 DP - Campos Elísios,"[-23.539323, -46.6397243]",2021,Mai,1,1,0,0,0,0,0,0,15,4,1,1,1,3,3,0,285,284,0,0,1,507,8
003 DP - Campos Elísios,"[-23.539323, -46.6397243]",2021,Jun,1,1,0,0,0,0,1,0,17,5,1,0,0,2,2,0,275,275,2,0,0,573,6
003 DP - Campos Elísios,"[-23.539323, -46.6397243]",2021,Jul,1,1,0,0,0,0,0,0,31,6,1,0,0,3,3,0,340,340,1,0,0,623,13
003 DP - Campos Elísios,"[-23.539323, -46.6397243]",2021,Ago,1,1,0,0,1,0,1,0,20,7,0,0,0,4,2,2,369,367,1,1,1,557,16
003 DP - Campos Elísios,"[-23.539323, -46.6397243]",2021,Set,2,3,0,0,0,0,0,0,32,6,0,0,0,0,0,0,446,446,2,0,0,730,13
003 DP - Campos Elísios,"[-23.539323, -46.6397243]",2021,Out,1,1,0,0,0,0,0,0,28,2,1,0,0,3,3,0,469,466,0,0,3,737,14
003 DP - Campos Elísios,"[-23.539323, -46.6397243]",2021,Nov,0,0,0,0,0,0,1,0,27,4,1,0,0,3,2,1,509,507,4,0,2,825,17
003 DP - Campos Elísios,"[-23.539323, -46.6397243]",2021,Dez,0,0,0,0,0,0,1,0,30,4,0,0,0,5,5,0,564,562,1,0,2,660,7
003 DP - Campos Elísios,"[-23.539323, -46.6397243]",2020,Jan,1,1,0,0,0,0,3,0,32,8,0,0,0,1,0,1,587,587,3,0,0,1.405,8
003 DP - Campos Elísios,"[-23.539323, -46.6397243]",2020,Fev,1,1,0,0,0,0,2,0,45,7,2,1,1,1,0,1,954,953,0,0,1,2.713,9
003 DP - Campos Elísios,"[-23.539323, -46.6397243]",2020,Mar,0,0,0,0,0,0,0,0,27,10,0,0,0,0,0,0,489,487,2,0,2,784,8
003 DP - Campos Elísios,"[-23.539323, -46.6397243]",2020,Abr,0,0,0,0,0,0,0,0,11,3,1,0,0,1,1,0,201,201,0,0,0,257,1
003 DP - Campos Elísios,"[-23.539323, -46.6397243]",2020,Mai,0,0,0,0,0,0,0,0,6,8,0,0,0,0,0,0,223,223,2,0,0,256,8
003 DP - Campos Elísios,"[-23.539323, -46.6397243]",2020,Jun,0,0,0,0,0,0,0,0,18,5,1,0,0,0,0,0,258,258,4,0,0,381,11
003 DP - Campos Elísios,"[-23.539323, -46.6397243]",2020,Jul,1,1,0,0,0,0,0,0,18,8,0,0,0,1,1,0,256,253,0,0,3,377,7
003 DP - Campos Elísios,"[-23.539323, -46.6397243]",2020,Ago,0,0,0,0,0,0,1,0,26,8,0,0,0,1,0,1,237,235,0,0,2,387,5
003 DP - Campos Elísios,"[-23.539323, -46.6397243]",2020,Set,0,0,0,0,0,0,1,0,26,3,0,0,0,5,3,2,244,244,1,0,0,373,12
003 DP - Campos Elísios,"[-23.539323, -46.6397243]",2020,Out,1,1,0,0,0,0,0,0,29,13,2,0,0,2,1,1,245,244,2,0,1,421,10
003 DP - Campos Elísios,"[-23.539323, -46.6397243]",2020,Nov,0,0,0,0,0,0,1,0,36,7,2,0,0,3,1,2,363,361,0,1,1,501,7
003 DP - Campos Elísios,"[-23.539323, -46.6397243]",2020,Dez,1,1,0,0,0,0,2,0,21,10,1,0,0,0,0,0,357,357,4,0,0,500,12
003 DP - Campos Elísios,"[-23.539323, -46.6397243]",2019,Jan,1,1,0,0,0,0,1,0,32,20,0,0,0,2,0,2,302,298,2,0,4,796,7
003 DP - Campos Elísios,"[-23.539323, -46.6397243]",2019,Fev,0,0,0,0,0,0,2,0,31,4,0,0,0,1,1,0,382,382,0,0,0,1.121,8
003 DP - Campos Elísios,"[-23.539323, -46.6397243]",2019,Mar,1,1,0,0,0,0,1,0,48,7,1,0,0,4,2,2,598,597,2,0,1,3.069,11
003 DP - Campos Elísios,"[-23.539323, -46.6397243]",2019,Abr,0,0,0,0,0,0,0,0,28,9,2,0,0,2,1,1,389,387,3,0,2,734,12
003 DP - Campos Elísios,"[-23.539323, -46.6397243]",2019,Mai,1,1,0,0,1,0,2,0,40,19,0,0,0,0,0,0,493,491,0,0,2,1.759,11
003 DP - Campos Elísios,"[-23.539323, -46.6397243]",2019,Jun,0,0,0,0,0,0,0,0,38,7,0,0,0,1,1,0,425,424,5,0,1,1.086,9
003 DP - Campos Elísios,"[-23.539323, -46.6397243]",2019,Jul,1,1,0,0,0,0,0,0,27,12,0,0,0,3,1,2,353,352,1,0,1,675,17
003 DP - Campos Elísios,"[-23.539323, -46.6397243]",2019,Ago,2,2,0,0,0,0,0,0,47,6,0,0,0,1,1,0,348,347,1,0,1,706,15
003 DP - Campos Elísios,"[-23.539323, -46.6397243]",2019,Set,0,0,0,0,0,0,0,0,30,16,0,0,0,4,1,3,386,384,1,0,2,692,20
003 DP - Campos Elísios,"[-23.539323, -46.6397243]",2019,Out,0,0,0,0,0,0,1,0,35,11,1,0,0,2,1,1,447,445,1,0,2,918,15
003 DP - Campos Elísios,"[-23.539323, -46.6397243]",2019,Nov,0,0,0,0,0,0,1,0,37,7,0,0,0,3,1,2,464,462,2,0,2,947,10
003 DP - Campos Elísios,"[-23.539323, -46.6397243]",2019,Dez,1,1,0,0,0,0,2,0,37,10,1,0,0,0,0,0,391,389,2,0,2,595,15
003 DP - Campos Elísios,"[-23.539323, -46.6397243]",2018,Jan,0,0,0,0,0,0,3,0,24,13,3,0,0,2,1,1,401,400,2,0,1,1.088,10
003 DP - Campos Elísios,"[-23.539323, -46.6397243]",2018,Fev,0,0,0,0,1,0,1,0,28,14,1,0,0,2,1,1,583,582,0,0,1,2.888,12
003 DP - Campos Elísios,"[-23.539323, -46.6397243]",2018,Mar,2,2,0,0,0,0,2,0,28,9,1,0,0,1,1,0,274,274,0,0,0,589,10
003 DP - Campos Elísios,"[-23.539323, -46.6397243]",2018,Abr,1,1,0,0,0,0,1,0,33,7,0,0,0,2,2,0,259,251,2,0,8,590,17
003 DP - Campos Elísios,"[-23.539323, -46.6397243]",2018,Mai,1,1,0,0,1,0,0,0,26,15,0,0,0,2,1,1,356,355,2,0,1,1.138,12
003 DP - Campos Elísios,"[-23.539323, -46.6397243]",2018,Jun,0,0,0,0,0,0,0,0,37,9,0,0,0,0,0,0,311,310,2,0,1,547,12
003 DP - Campos Elísios,"[-23.539323, -46.6397243]",2018,Jul,1,1,0,0,0,0,0,0,28,7,1,0,0,1,1,0,271,269,1,0,2,526,11
003 DP - Campos Elísios,"[-23.539323, -46.6397243]",2018,Ago,1,1,0,0,0,0,2,0,20,18,0,0,0,1,1,0,268,266,2,0,2,668,15
003 DP - Campos Elísios,"[-23.539323, -46.6397243]",2018,Set,0,0,0,0,0,0,1,0,30,10,1,0,0,0,0,0,339,339,2,0,0,625,7
003 DP - Campos Elísios,"[-23.539323, -46.6397243]",2018,Out,1,1,0,0,2,0,0,0,31,11,2,0,0,1,1,0,418,415,3,0,3,878,12
003 DP - Campos Elísios,"[-23.539323, -46.6397243]",2018,Nov,0,0,0,0,0,0,0,0,44,9,0,0,0,2,1,1,360,357,1,0,3,707,13
003 DP - Campos Elísios,"[-23.539323, -46.6397243]",2018,Dez,0,0,0,0,1,0,0,0,21,12,1,0,0,0,0,0,289,287,0,0,2,590,3
003 DP - Campos Elísios,"[-23.539323, -46.6397243]",2017,Jan,0,0,0,0,0,0,2,0,28,4,2,0,0,4,0,4,306,304,1,0,2,541,13
003 DP - Campos Elísios,"[-23.539323, -46.6397243]",2017,Fev,1,1,0,0,0,0,3,0,38,14,1,0,0,3,2,1,469,469,3,0,0,1.644,14
003 DP - Campos Elísios,"[-23.539323, -46.6397243]",2017,Mar,1,1,0,0,0,0,0,0,39,12,2,1,1,2,2,0,436,430,4,0,6,682,22
003 DP - Campos Elísios,"[-23.539323, -46.6397243]",2017,Abr,2,2,0,0,1,0,1,0,43,12,1,0,0,0,0,0,309,303,2,0,6,481,16
003 DP - Campos Elísios,"[-23.539323, -46.6397243]",2017,Mai,2,2,0,0,1,0,3,0,26,12,0,0,0,1,0,1,373,370,2,0,3,729,14
003 DP - Campos Elísios,"[-23.539323, -46.6397243]",2017,Jun,0,0,0,0,0,0,2,0,33,13,0,0,0,3,2,1,376,371,2,1,4,589,6
003 DP - Campos Elísios,"[-23.539323, -46.6397243]",2017,Jul,0,0,0,0,1,0,0,0,37,14,1,0,0,0,0,0,285,279,1,1,5,435,11
003 DP - Campos Elísios,"[-23.539323, -46.6397243]",2017,Ago,0,0,0,0,0,0,1,0,33,12,3,0,0,3,0,3,298,296,1,0,2,540,12
003 DP - Campos Elísios,"[-23.539323, -46.6397243]",2017,Set,1,1,0,0,0,0,1,0,33,9,0,0,0,1,0,1,320,317,4,0,3,459,11
003 DP - Campos Elísios,"[-23.539323, -46.6397243]",2017,Out,1,1,0,0,0,0,4,0,34,7,0,0,0,2,1,1,287,282,1,0,5,700,13
003 DP - Campos Elísios,"[-23.539323, -46.6397243]",2017,Nov,1,1,1,1,0,0,1,0,35,7,0,1,1,2,1,1,273,272,1,0,1,575,15
003 DP - Campos Elísios,"[-23.539323, -46.6397243]",2017,Dez,0,0,0,0,0,0,0,0,25,7,0,0,0,1,0,1,233,232,2,0,1,538,9
003 DP - Campos Elísios,"[-23.539323, -46.6397243]",2016,Jan,2,2,0,0,0,0,3,0,43,18,0,0,0,1,,0,292,,1,0,4,542,10
003 DP - Campos Elísios,"[-23.539323, -46.6397243]",2016,Fev,1,1,0,0,0,0,2,0,34,9,2,0,0,2,,0,424,,1,0,2,1.066,15
003 DP - Campos Elísios,"[-23.539323, -46.6397243]",2016,Mar,0,0,0,0,2,0,1,0,28,13,1,0,0,1,,0,354,,1,1,6,513,7
003 DP - Campos Elísios,"[-23.539323, -46.6397243]",2016,Abr,1,1,0,0,0,0,2,0,38,19,1,0,0,0,,0,342,,2,0,9,546,11
003 DP - Campos Elísios,"[-23.539323, -46.6397243]",2016,Mai,0,0,0,0,1,0,3,0,40,16,1,0,0,1,,0,379,,3,0,5,891,11
003 DP - Campos Elísios,"[-23.539323, -46.6397243]",2016,Jun,0,0,0,0,0,0,3,0,27,8,3,0,0,2,,0,298,,2,0,3,556,8
003 DP - Campos Elísios,"[-23.539323, -46.6397243]",2016,Jul,0,0,0,0,0,0,4,0,33,18,1,0,0,2,,0,314,,0,0,12,539,16
003 DP - Campos Elísios,"[-23.539323, -46.6397243]",2016,Ago,2,2,0,0,0,0,0,0,35,12,1,0,0,4,,0,365,,3,0,12,581,10
003 DP - Campos Elísios,"[-23.539323, -46.6397243]",2016,Set,1,1,0,0,0,0,1,0,35,14,0,0,0,2,,1,377,,1,0,12,644,14
003 DP - Campos Elísios,"[-23.539323, -46.6397243]",2016,Out,0,0,0,0,1,0,3,0,51,17,0,0,0,1,,1,475,,2,0,3,996,21
003 DP - Campos Elísios,"[-23.539323, -46.6397243]",2016,Nov,0,0,0,0,0,0,2,0,28,18,2,0,0,0,,0,390,,1,0,3,617,19
003 DP - Campos Elísios,"[-23.539323, -46.6397243]",2016,Dez,1,1,0,0,0,0,1,0,34,17,0,0,0,1,,1,349,,1,0,7,484,21
003 DP - Campos Elísios,"[-23.539323, -46.6397243]",2015,Jan,3,3,0,0,0,0,3,,39,10,0,0,0,0,...,,327,...,0,1,7,461,14
003 DP - Campos Elísios,"[-23.539323, -46.6397243]",2015,Fev,2,3,0,0,0,0,2,,31,21,0,0,0,2,...,,323,...,1,1,6,532,20
003 DP - Campos Elísios,"[-23.539323, -46.6397243]",2015,Mar,2,2,0,0,0,0,3,,42,19,2,0,0,4,...,,311,...,5,0,9,603,17
003 DP - Campos Elísios,"[-23.539323, -46.6397243]",2015,Abr,2,2,0,0,1,0,2,,30,17,0,0,0,1,...,,322,...,2,0,7,512,11
003 DP - Campos Elísios,"[-23.539323, -46.6397243]",2015,Mai,2,2,0,0,3,0,2,,40,20,1,0,0,3,...,,353,...,6,0,2,567,15
003 DP - Campos Elísios,"[-23.539323, -46.6397243]",2015,Jun,2,3,1,2,1,0,1,,35,23,1,0,0,2,...,,387,...,4,0,3,1.127,9
003 DP - Campos Elísios,"[-23.539323, -46.6397243]",2015,Jul,1,1,0,0,0,0,2,,30,18,2,0,0,2,...,,329,...,3,0,2,539,7
003 DP - Campos Elísios,"[-23.539323, -46.6397243]",2015,Ago,1,1,0,0,0,0,0,,30,25,1,0,0,1,...,,343,...,3,0,6,589,17
003 DP - Campos Elísios,"[-23.539323, -46.6397243]",2015,Set,2,3,0,0,0,0,2,,44,22,2,0,0,2,...,,318,...,0,0,3,545,9
003 DP - Campos Elísios,"[-23.539323, -46.6397243]",2015,Out,3,3,0,0,1,0,3,,40,13,0,0,0,3,...,,351,...,2,1,2,609,8
003 DP - Campos Elísios,"[-23.539323, -46.6397243]",2015,Nov,2,2,0,0,2,0,0,,22,7,0,0,0,4,...,,391,...,2,0,4,524,4
003 DP - Campos Elísios,"[-23.539323, -46.6397243]",2015,Dez,0,0,0,0,0,0,3,,45,16,1,0,0,0,...,,284,...,1,0,3,465,14
003 DP - Campos Elísios,"[-23.539323, -46.6397243]",2014,Jan,1,1,0,0,0,0,6,,39,11,0,0,0,1,,,316,,2,0,1,474,18
003 DP - Campos Elísios,"[-23.539323, -46.6397243]",2014,Fev,0,0,0,0,0,0,2,,38,21,0,0,0,6,,,327,,2,0,1,490,23
003 DP - Campos Elísios,"[-23.539323, -46.6397243]",2014,Mar,3,3,0,0,0,0,2,,28,16,0,0,0,6,,,278,,3,0,3,447,18
003 DP - Campos Elísios,"[-23.539323, -46.6397243]",2014,Abr,2,2,0,0,1,0,1,,43,25,0,0,0,3,,,265,,5,0,1,518,25
003 DP - Campos Elísios,"[-23.539323, -46.6397243]",2014,Mai,1,1,0,0,0,0,1,,34,20,0,0,0,1,,,451,,4,0,2,902,15
003 DP - Campos Elísios,"[-23.539323, -46.6397243]",2014,Jun,1,1,0,0,1,0,1,,45,29,0,0,0,0,,,378,,6,0,2,869,8
003 DP - Campos Elísios,"[-23.539323, -46.6397243]",2014,Jul,0,0,0,0,1,0,2,,38,18,0,0,0,3,,,390,,1,0,2,742,14
003 DP - Campos Elísios,"[-23.539323, -46.6397243]",2014,Ago,1,1,0,0,0,0,3,,34,21,2,0,0,1,,,226,,1,0,0,486,12
003 DP - Campos Elísios,"[-23.539323, -46.6397243]",2014,Set,0,0,0,0,0,0,0,,41,30,1,0,0,1,,,280,,3,0,0,518,20
003 DP - Campos Elísios,"[-23.539323, -46.6397243]",2014,Out,0,0,0,0,0,0,3,,55,22,1,0,0,2,,,298,,2,0,4,534,15
003 DP - Campos Elísios,"[-23.539323, -46.6397243]",2014,Nov,0,0,0,0,1,0,4,,36,22,0,1,1,2,,,349,,0,0,5,485,5
003 DP - Campos Elísios,"[-23.539323, -46.6397243]",2014,Dez,2,2,0,0,0,1,3,,43,10,2,0,0,2,,,293,,4,0,2,413,11
003 DP - Campos Elísios,"[-23.539323, -46.6397243]",2013,Jan,0,0,0,0,0,0,3,,39,20,0,0,0,1,,,318,,4,0,1,466,29
003 DP - Campos Elísios,"[-23.539323, -46.6397243]",2013,Fev,1,1,0,0,0,0,3,,38,15,0,0,0,1,,,250,,2,0,0,467,23
003 DP - Campos Elísios,"[-23.539323, -46.6397243]",2013,Mar,3,4,0,0,0,0,2,,31,11,0,0,0,0,,,240,,4,0,0,437,35
003 DP - Campos Elísios,"[-23.539323, -46.6397243]",2013,Abr,1,1,0,0,1,0,0,,29,16,0,0,0,1,,,266,,1,0,2,495,23
003 DP - Campos Elísios,"[-23.539323, -46.6397243]",2013,Mai,2,2,0,0,0,0,1,,53,15,1,1,1,2,,,292,,3,0,2,1.145,17
003 DP - Campos Elísios,"[-23.539323, -46.6397243]",2013,Jun,0,0,0,0,5,0,0,,45,10,0,0,0,3,,,282,,3,0,1,584,13
003 DP - Campos Elísios,"[-23.539323, -46.6397243]",2013,Jul,0,0,0,0,0,0,1,,25,22,0,0,0,1,,,340,,2,0,0,552,25
003 DP - Campos Elísios,"[-23.539323, -46.6397243]",2013,Ago,0,0,0,0,0,0,0,,35,22,0,0,0,1,,,230,,7,0,2,509,20
003 DP - Campos Elísios,"[-23.539323, -46.6397243]",2013,Set,1,1,0,0,0,0,1,,46,19,0,0,0,1,,,267,,0,0,4,406,13
003 DP - Campos Elísios,"[-23.539323, -46.6397243]",2013,Out,0,0,0,0,0,0,2,,63,12,0,0,0,3,,,307,,4,0,3,477,25
003 DP - Campos Elísios,"[-23.539323, -46.6397243]",2013,Nov,1,1,0,0,2,0,1,,49,14,0,0,0,2,,,265,,2,0,0,434,28
003 DP - Campos Elísios,"[-23.539323, -46.6397243]",2013,Dez,0,0,0,0,0,0,1,,63,15,0,0,0,3,,,329,,4,0,4,440,15
003 DP - Campos Elísios,"[-23.539323, -46.6397243]",2012,Jan,1,1,0,0,1,0,3,,18,12,44,0,0,1,,,240,,1,0,0,453,19
003 DP - Campos Elísios,"[-23.539323, -46.6397243]",2012,Fev,0,0,0,0,0,0,2,,40,14,14,0,0,2,,,129,,0,0,1,526,19
003 DP - Campos Elísios,"[-23.539323, -46.6397243]",2012,Mar,0,0,0,0,0,0,1,,35,59,6,0,0,1,,,212,,2,0,2,502,15
003 DP - Campos Elísios,"[-23.539323, -46.6397243]",2012,Abr,0,0,0,0,0,0,1,,40,37,0,0,0,0,,,176,,4,0,0,455,11
003 DP - Campos Elísios,"[-23.539323, -46.6397243]",2012,Mai,0,0,0,0,0,0,3,,11,15,34,0,0,0,,,247,,4,0,0,684,23
003 DP - Campos Elísios,"[-23.539323, -46.6397243]",2012,Jun,1,1,0,0,0,0,2,,25,14,1,0,0,1,,,206,,3,0,5,470,17
003 DP - Campos Elísios,"[-23.539323, -46.6397243]",2012,Jul,0,0,0,0,1,1,5,,74,19,11,0,0,1,,,287,,9,0,0,570,24
003 DP - Campos Elísios,"[-23.539323, -46.6397243]",2012,Ago,1,1,0,0,0,0,1,,43,15,1,0,0,1,,,229,,4,0,3,521,15
003 DP - Campos Elísios,"[-23.539323, -46.6397243]",2012,Set,0,0,0,0,0,0,1,,49,27,0,0,0,1,,,240,,2,0,0,582,8
003 DP - Campos Elísios,"[-23.539323, -46.6397243]",2012,Out,2,2,0,0,0,0,0,,32,22,0,0,0,0,,,250,,5,0,1,539,15
003 DP - Campos Elísios,"[-23.539323, -46.6397243]",2012,Nov,2,2,0,0,0,0,6,,33,23,0,0,0,2,,,211,,3,0,1,571,27
003 DP - Campos Elísios,"[-23.539323, -46.6397243]",2012,Dez,2,2,0,0,0,0,5,,41,23,0,0,0,0,,,198,,2,0,1,512,24
003 DP - Campos Elísios,"[-23.539323, -46.6397243]",2011,Jan,0,0,,,0,0,3,,35,19,1,1,1,0,,,239,,4,0,0,408,21
003 DP - Campos Elísios,"[-23.539323, -46.6397243]",2011,Fev,1,1,,,0,0,1,,39,0,8,0,0,0,,,298,,2,0,0,614,17
003 DP - Campos Elísios,"[-23.539323, -46.6397243]",2011,Mar,1,1,,,0,0,1,,38,27,1,1,1,0,,,232,,1,0,0,432,6
003 DP - Campos Elísios,"[-23.539323, -46.6397243]",2011,Abr,0,0,,,0,0,0,,34,23,1,0,0,0,,,216,,1,0,1,1.211,13
003 DP - Campos Elísios,"[-23.539323, -46.6397243]",2011,Mai,1,1,,,1,0,1,,41,23,0,0,0,4,,,352,,1,2,1,708,12
003 DP - Campos Elísios,"[-23.539323, -46.6397243]",2011,Jun,1,1,,,0,0,1,,32,38,0,0,0,0,,,250,,3,0,1,576,14
003 DP - Campos Elísios,"[-23.539323, -46.6397243]",2011,Jul,0,0,,,0,0,0,,32,39,18,0,0,0,,,253,,3,0,2,574,9
003 DP - Campos Elísios,"[-23.539323, -46.6397243]",2011,Ago,0,0,,,1,0,0,,14,34,13,0,0,0,,,190,,2,0,0,485,19
003 DP - Campos Elísios,"[-23.539323, -46.6397243]",2011,Set,0,0,,,0,0,0,,15,25,8,0,0,3,,,178,,0,0,1,544,12
003 DP - Campos Elísios,"[-23.539323, -46.6397243]",2011,Out,0,0,,,0,0,0,,31,29,15,0,0,2,,,183,,2,0,1,569,18
003 DP - Campos Elísios,"[-23.539323, -46.6397243]",2011,Nov,2,2,,,0,0,0,,31,32,1,0,0,0,,,196,,1,0,1,508,15
003 DP - Campos Elísios,"[-23.539323, -46.6397243]",2011,Dez,1,1,,,0,0,3,,42,20,29,0,0,0,,,238,,2,0,1,484,18
003 DP - Campos Elísios,"[-23.539323, -46.6397243]",2010,Jan,5,5,0,0,0,0,0,,44,13,0,0,0,0,,,273,,3,0,1,457,4
003 DP - Campos Elísios,"[-23.539323, -46.6397243]",2010,Fev,2,2,0,0,0,0,1,,22,20,2,0,0,2,,,271,,5,0,1,475,9
003 DP - Campos Elísios,"[-23.539323, -46.6397243]",2010,Mar,2,2,0,0,0,0,1,,27,37,1,0,0,0,,,228,,1,0,3,564,20
003 DP - Campos Elísios,"[-23.539323, -46.6397243]",2010,Abr,2,2,0,0,1,0,1,,33,25,1,0,0,0,,,199,,3,0,1,451,26
003 DP - Campos Elísios,"[-23.539323, -46.6397243]",2010,Mai,2,2,0,0,1,0,0,,30,42,0,0,0,1,,,246,,3,0,0,901,20
003 DP - Campos Elísios,"[-23.539323, -46.6397243]",2010,Jun,1,1,0,0,0,0,1,,34,28,0,0,0,2,,,205,,0,1,1,527,17
003 DP - Campos Elísios,"[-23.539323, -46.6397243]",2010,Jul,4,4,0,0,2,1,2,,11,37,0,0,0,0,,,139,,1,0,0,531,17
003 DP - Campos Elísios,"[-23.539323, -46.6397243]",2010,Ago,1,1,0,0,0,0,0,,39,34,1,1,1,0,,,228,,7,0,3,517,21
003 DP - Campos Elísios,"[-23.539323, -46.6397243]",2010,Set,1,1,0,0,0,0,3,,32,20,0,0,0,2,,,279,,5,0,1,562,17
003 DP - Campos Elísios,"[-23.539323, -46.6397243]",2010,Out,0,0,0,0,0,0,0,,32,0,14,0,0,1,,,269,,3,0,3,414,20
003 DP - Campos Elísios,"[-23.539323, -46.6397243]",2010,Nov,5,5,0,0,0,0,1,,37,6,0,0,0,2,,,201,,8,0,1,385,18
003 DP - Campos Elísios,"[-23.539323, -46.6397243]",2010,Dez,2,2,0,0,0,0,0,,30,24,3,0,0,1,,,201,,4,0,4,436,21
003 DP - Campos Elísios,"[-23.539323, -46.6397243]",2009,Jan,2,2,0,0,2,0,1,0,25,22,4,0,0,1,,,298,,0,0,0,295,14
003 DP - Campos Elísios,"[-23.539323, -46.6397243]",2009,Fev,0,0,0,0,2,0,0,0,38,16,0,0,0,0,,,309,,3,1,2,270,6
003 DP - Campos Elísios,"[-23.539323, -46.6397243]",2009,Mar,2,2,0,0,2,0,1,0,33,26,0,0,0,0,,,307,,3,0,0,311,17
003 DP - Campos Elísios,"[-23.539323, -46.6397243]",2009,Abr,1,1,0,0,1,0,0,0,31,22,0,0,0,1,,,236,,5,0,1,425,14
003 DP - Campos Elísios,"[-23.539323, -46.6397243]",2009,Mai,2,2,0,0,1,0,3,0,38,33,0,0,0,1,,,276,,3,0,0,725,22
003 DP - Campos Elísios,"[-23.539323, -46.6397243]",2009,Jun,1,1,0,0,0,0,2,0,31,38,1,0,0,0,,,229,,3,1,1,514,9
003 DP - Campos Elísios,"[-23.539323, -46.6397243]",2009,Jul,1,1,0,0,1,1,0,0,46,30,0,0,0,1,,,278,,1,0,1,736,15
003 DP - Campos Elísios,"[-23.539323, -46.6397243]",2009,Ago,0,0,0,0,0,0,0,0,44,33,0,0,0,0,,,292,,1,0,1,601,8
003 DP - Campos Elísios,"[-23.539323, -46.6397243]",2009,Set,0,0,0,0,1,0,0,0,29,18,0,1,1,0,,,157,,9,0,0,298,5
003 DP - Campos Elísios,"[-23.539323, -46.6397243]",2009,Out,0,0,0,0,0,0,3,0,31,29,1,0,0,0,,,244,,1,0,1,710,17
003 DP - Campos Elísios,"[-23.539323, -46.6397243]",2009,Nov,2,2,0,0,0,0,0,0,35,40,1,0,0,0,,,226,,2,0,2,441,8
003 DP - Campos Elísios,"[-23.539323, -46.6397243]",2009,Dez,2,2,0,0,0,0,0,0,43,23,0,0,0,0,,,258,,2,0,3,695,12
003 DP - Campos Elísios,"[-23.539323, -46.6397243]",2008,Jan,2,2,0,0,1,0,0,0,29,22,2,0,0,1,,,234,,3,0,0,406,17
003 DP - Campos Elísios,"[-23.539323, -46.6397243]",2008,Fev,2,2,0,0,0,0,2,0,37,26,2,0,0,1,,,279,,5,0,2,360,20
003 DP - Campos Elísios,"[-23.539323, -46.6397243]",2008,Mar,1,1,0,0,1,0,0,0,32,18,1,0,0,0,,,317,,0,0,2,398,10
003 DP - Campos Elísios,"[-23.539323, -46.6397243]",2008,Abr,2,2,0,0,1,0,1,0,39,26,2,0,0,1,,,226,,4,0,0,602,26
003 DP - Campos Elísios,"[-23.539323, -46.6397243]",2008,Mai,0,0,0,0,0,0,1,0,27,29,2,0,0,1,,,300,,2,0,0,461,23
003 DP - Campos Elísios,"[-23.539323, -46.6397243]",2008,Jun,3,3,0,0,0,0,1,0,22,27,0,0,0,0,,,282,,1,0,0,437,13
003 DP - Campos Elísios,"[-23.539323, -46.6397243]",2008,Jul,2,2,0,0,0,0,1,0,38,31,1,0,0,0,,,311,,1,0,1,331,22
003 DP - Campos Elísios,"[-23.539323, -46.6397243]",2008,Ago,1,1,0,0,0,0,0,0,34,33,0,0,0,1,,,305,,1,0,1,407,20
003 DP - Campos Elísios,"[-23.539323, -46.6397243]",2008,Set,0,0,0,0,0,0,0,0,29,29,0,0,0,0,,,210,,1,0,1,345,9
003 DP - Campos Elísios,"[-23.539323, -46.6397243]",2008,Out,4,4,0,0,1,0,3,0,26,28,0,0,0,3,,,136,,4,0,0,274,6
003 DP - Campos Elísios,"[-23.539323, -46.6397243]",2008,Nov,1,1,0,0,1,2,0,0,38,26,1,0,0,0,,,187,,8,1,2,308,13
003 DP - Campos Elísios,"[-23.539323, -46.6397243]",2008,Dez,4,4,0,0,0,0,0,0,37,25,1,0,0,1,,,271,,3,0,1,333,10
003 DP - Campos Elísios,"[-23.539323, -46.6397243]",2007,Jan,2,2,0,0,0,0,4,0,30,24,3,0,0,0,,,316,,5,0,0,545,22
003 DP - Campos Elísios,"[-23.539323, -46.6397243]",2007,Fev,2,1,0,0,2,0,2,0,36,19,3,0,0,0,,,258,,5,0,0,508,20
003 DP - Campos Elísios,"[-23.539323, -46.6397243]",2007,Mar,0,0,0,0,0,0,0,0,39,25,1,0,1,0,,,275,,5,0,1,474,15
003 DP - Campos Elísios,"[-23.539323, -46.6397243]",2007,Abr,0,0,0,0,0,0,2,0,33,12,2,0,0,0,,,248,,1,1,3,545,17
003 DP - Campos Elísios,"[-23.539323, -46.6397243]",2007,Mai,1,1,0,0,0,0,0,0,21,26,2,0,0,0,,,197,,4,0,2,650,36
003 DP - Campos Elísios,"[-23.539323, -46.6397243]",2007,Jun,1,1,0,0,0,0,0,0,23,25,1,0,0,0,,,224,,7,0,4,511,22
003 DP - Campos Elísios,"[-23.539323, -46.6397243]",2007,Jul,0,0,0,0,1,0,0,0,31,32,3,0,0,1,,,158,,4,0,1,401,27
003 DP - Campos Elísios,"[-23.539323, -46.6397243]",2007,Ago,0,0,0,0,0,0,3,0,22,16,1,0,0,0,,,253,,3,0,1,502,20
003 DP - Campos Elísios,"[-23.539323, -46.6397243]",2007,Set,2,2,0,0,0,0,4,0,15,21,2,0,0,0,,,228,,2,0,0,342,17
003 DP - Campos Elísios,"[-23.539323, -46.6397243]",2007,Out,1,1,0,0,1,0,2,0,30,22,2,0,0,0,,,248,,3,0,0,566,19
003 DP - Campos Elísios,"[-23.539323, -46.6397243]",2007,Nov,2,2,0,0,1,0,1,0,34,27,0,0,0,1,,,224,,5,0,1,318,16
003 DP - Campos Elísios,"[-23.539323, -46.6397243]",2007,Dez,0,0,0,0,0,0,1,0,24,32,0,0,0,1,,,220,,6,0,2,387,18
003 DP - Campos Elísios,"[-23.539323, -46.6397243]",2006,Jan,1,1,0,0,0,0,1,0,50,26,3,0,0,0,,,286,,2,0,4,546,34
003 DP - Campos Elísios,"[-23.539323, -46.6397243]",2006,Fev,0,0,0,0,1,1,2,0,61,30,2,0,0,0,,,241,,5,1,3,479,23
003 DP - Campos Elísios,"[-23.539323, -46.6397243]",2006,Mar,4,4,0,0,1,0,3,0,64,39,1,0,0,0,,,284,,10,0,6,635,37
003 DP - Campos Elísios,"[-23.539323, -46.6397243]",2006,Abr,0,0,0,0,1,0,0,0,53,28,1,0,0,0,,,304,,11,2,3,566,19
003 DP - Campos Elísios,"[-23.539323, -46.6397243]",2006,Mai,1,2,0,0,0,0,2,0,48,14,1,0,0,1,,,287,,7,2,0,598,25
003 DP - Campos Elísios,"[-23.539323, -46.6397243]",2006,Jun,1,1,0,0,0,0,2,0,48,26,0,0,0,1,,,350,,9,1,2,702,27
003 DP - Campos Elísios,"[-23.539323, -46.6397243]",2006,Jul,3,2,0,0,1,0,3,0,50,31,1,0,0,1,,,285,,2,0,0,637,14
003 DP - Campos Elísios,"[-23.539323, -46.6397243]",2006,Ago,1,1,0,0,0,0,2,0,36,35,4,0,0,0,,,257,,3,0,0,551,28
003 DP - Campos Elísios,"[-23.539323, -46.6397243]",2006,Set,1,1,0,0,0,0,3,0,53,35,1,0,0,1,,,252,,5,3,0,404,20
003 DP - Campos Elísios,"[-23.539323, -46.6397243]",2006,Out,1,0,0,0,1,0,0,0,48,21,1,0,0,1,,,270,,7,1,0,514,26
003 DP - Campos Elísios,"[-23.539323, -46.6397243]",2006,Nov,0,1,0,0,2,0,3,0,42,26,3,0,0,1,,,258,,8,0,2,564,30
003 DP - Campos Elísios,"[-23.539323, -46.6397243]",2006,Dez,3,3,0,0,2,0,3,0,42,28,0,0,0,1,,,256,,4,1,2,512,21
003 DP - Campos Elísios,"[-23.539323, -46.6397243]",2005,Jan,1,1,0,0,0,1,1,0,55,30,3,1,1,0,,,310,,6,0,0,538,50
003 DP - Campos Elísios,"[-23.539323, -46.6397243]",2005,Fev,1,1,0,0,0,0,2,0,72,27,3,0,0,2,,,274,,5,0,5,494,38
003 DP - Campos Elísios,"[-23.539323, -46.6397243]",2005,Mar,2,2,0,0,1,0,5,0,63,38,1,0,0,2,,,287,,4,2,2,565,41
003 DP - Campos Elísios,"[-23.539323, -46.6397243]",2005,Abr,3,3,0,0,1,0,1,0,64,40,3,0,0,2,,,296,,8,0,2,560,39
003 DP - Campos Elísios,"[-23.539323, -46.6397243]",2005,Mai,0,0,0,0,0,0,4,0,71,32,0,0,0,0,,,274,,6,0,0,624,57
003 DP - Campos Elísios,"[-23.539323, -46.6397243]",2005,Jun,1,2,0,0,0,0,2,0,53,30,3,0,0,1,,,280,,4,0,0,523,57
003 DP - Campos Elísios,"[-23.539323, -46.6397243]",2005,Jul,2,2,0,0,3,0,0,0,39,34,1,0,0,0,,,297,,3,1,1,534,48
003 DP - Campos Elísios,"[-23.539323, -46.6397243]",2005,Ago,0,0,0,0,1,0,1,0,51,28,2,1,1,3,,,291,,6,0,0,564,39
003 DP - Campos Elísios,"[-23.539323, -46.6397243]",2005,Set,1,1,0,0,0,0,2,0,58,24,4,0,0,1,,,264,,8,0,0,558,37
003 DP - Campos Elísios,"[-23.539323, -46.6397243]",2005,Out,1,2,0,0,0,0,2,0,55,33,5,0,0,1,,,269,,4,1,3,533,38
003 DP - Campos Elísios,"[-23.539323, -46.6397243]",2005,Nov,2,2,0,0,0,0,0,0,50,29,2,0,0,1,,,299,,3,0,5,502,39
003 DP - Campos Elísios,"[-23.539323, -46.6397243]",2005,Dez,1,1,0,0,0,0,2,0,50,22,10,0,0,0,,,294,,3,0,2,546,30
003 DP - Campos Elísios,"[-23.539323, -46.6397243]",2004,Jan,4,4,0,0,0,0,4,0,48,29,3,0,0,0,,,313,,6,0,1,593,35
003 DP - Campos Elísios,"[-23.539323, -46.6397243]",2004,Fev,1,1,0,0,0,0,4,0,46,19,2,0,0,0,,,285,,6,0,3,486,26
003 DP - Campos Elísios,"[-23.539323, -46.6397243]",2004,Mar,0,0,0,0,0,0,0,0,50,36,1,0,0,2,,,337,,6,0,2,562,33
003 DP - Campos Elísios,"[-23.539323, -46.6397243]",2004,Abr,1,1,0,0,0,1,3,0,46,23,1,0,0,1,,,326,,9,0,6,468,26
003 DP - Campos Elísios,"[-23.539323, -46.6397243]",2004,Mai,1,1,0,0,2,0,5,0,40,29,0,0,0,2,,,319,,10,0,2,476,32
003 DP - Campos Elísios,"[-23.539323, -46.6397243]",2004,Jun,0,0,0,0,1,0,1,0,61,36,2,0,0,1,,,300,,11,0,3,581,48
003 DP - Campos Elísios,"[-23.539323, -46.6397243]",2004,Jul,1,1,0,0,0,0,2,0,52,33,4,0,0,1,,,335,,7,1,2,581,44
003 DP - Campos Elísios,"[-23.539323, -46.6397243]",2004,Ago,0,0,0,0,1,0,3,0,61,31,1,0,0,0,,,358,,7,0,1,590,46
003 DP - Campos Elísios,"[-23.539323, -46.6397243]",2004,Set,0,0,0,0,0,0,4,0,45,25,1,0,0,0,,,345,,8,0,5,622,55
003 DP - Campos Elísios,"[-23.539323, -46.6397243]",2004,Out,2,2,0,0,1,0,4,0,54,33,3,0,0,0,,,356,,3,0,3,555,35
003 DP - Campos Elísios,"[-23.539323, -46.6397243]",2004,Nov,2,2,0,0,0,0,2,0,42,23,1,0,0,0,,,335,,9,1,1,598,27
003 DP - Campos Elísios,"[-23.539323, -46.6397243]",2004,Dez,2,2,0,0,0,0,1,0,46,35,5,0,0,1,,,340,,7,0,0,593,42
003 DP - Campos Elísios,"[-23.539323, -46.6397243]",2003,Jan,3,3,0,0,0,0,5,0,42,19,5,0,0,3,,,415,,8,0,0,677,30
003 DP - Campos Elísios,"[-23.539323, -46.6397243]",2003,Fev,7,7,0,0,0,0,5,0,31,22,2,0,0,1,,,343,,5,0,0,479,31
003 DP - Campos Elísios,"[-23.539323, -46.6397243]",2003,Mar,6,6,0,0,2,1,3,0,26,23,3,0,0,1,,,352,,4,0,0,503,35
003 DP - Campos Elísios,"[-23.539323, -46.6397243]",2003,Abr,4,4,0,0,1,0,6,0,33,24,1,0,0,0,,,335,,9,0,0,495,33
003 DP - Campos Elísios,"[-23.539323, -46.6397243]",2003,Mai,6,6,0,0,1,0,5,0,42,21,4,0,0,1,,,352,,7,0,0,563,22
003 DP - Campos Elísios,"[-23.539323, -46.6397243]",2003,Jun,2,2,0,0,1,0,3,0,16,28,0,0,0,0,,,368,,6,0,0,517,27
003 DP - Campos Elísios,"[-23.539323, -46.6397243]",2003,Jul,5,5,0,0,0,0,0,0,28,18,5,0,0,0,,,418,,6,0,0,606,31
003 DP - Campos Elísios,"[-23.539323, -46.6397243]",2003,Ago,3,3,0,0,0,0,1,0,28,19,1,0,0,0,,,297,,8,0,0,463,26
003 DP - Campos Elísios,"[-23.539323, -46.6397243]",2003,Set,1,1,0,0,2,0,7,0,34,17,2,0,0,2,,,372,,6,0,0,527,36
003 DP - Campos Elísios,"[-23.539323, -46.6397243]",2003,Out,7,7,0,0,1,0,6,0,44,19,1,0,0,1,,,355,,5,0,0,481,21
003 DP - Campos Elísios,"[-23.539323, -46.6397243]",2003,Nov,3,3,0,0,1,0,3,0,49,28,4,0,0,0,,,358,,6,0,0,572,30
003 DP - Campos Elísios,"[-23.539323, -46.6397243]",2003,Dez,3,3,0,0,2,0,5,0,33,30,0,0,0,1,,,343,,8,0,0,534,29
003 DP - Campos Elísios,"[-23.539323, -46.6397243]",2002,Jan,0,0,0,0,0,0,1,0,41,24,1,0,0,1,,,399,,5,1,3,645,35
003 DP - Campos Elísios,"[-23.539323, -46.6397243]",2002,Fev,3,3,0,0,2,0,1,0,32,18,2,0,0,0,,,365,,3,0,7,570,34
003 DP - Campos Elísios,"[-23.539323, -46.6397243]",2002,Mar,8,8,0,0,3,1,2,0,32,21,4,0,0,1,,,384,,13,2,3,610,27
003 DP - Campos Elísios,"[-23.539323, -46.6397243]",2002,Abr,3,3,0,0,1,0,2,0,27,23,1,0,0,0,,,439,,7,0,8,649,25
003 DP - Campos Elísios,"[-23.539323, -46.6397243]",2002,Mai,0,0,0,0,3,0,4,0,34,22,0,0,0,2,,,393,,9,0,5,570,15
003 DP - Campos Elísios,"[-23.539323, -46.6397243]",2002,Jun,2,2,0,0,1,0,4,0,31,26,1,0,0,1,,,360,,7,1,4,569,33
003 DP - Campos Elísios,"[-23.539323, -46.6397243]",2002,Jul,7,7,0,0,0,0,3,0,34,20,2,0,0,0,,,374,,8,0,8,610,33
003 DP - Campos Elísios,"[-23.539323, -46.6397243]",2002,Ago,2,2,0,0,0,0,5,0,36,15,4,0,0,0,,,427,,4,0,2,664,42
003 DP - Campos Elísios,"[-23.539323, -46.6397243]",2002,Set,3,3,0,0,1,0,2,0,32,28,1,0,0,1,,,369,,5,0,0,468,29
003 DP - Campos Elísios,"[-23.539323, -46.6397243]",2002,Out,0,0,0,0,0,0,8,0,43,18,1,1,1,0,,,454,,8,0,0,597,34
003 DP - Campos Elísios,"[-23.539323, -46.6397243]",2002,Nov,3,3,0,0,0,0,3,0,44,17,2,0,0,1,,,363,,7,0,0,557,27
003 DP - Campos Elísios,"[-23.539323, -46.6397243]",2002,Dez,4,4,0,0,0,0,3,0,49,22,2,0,0,0,,,363,,6,0,0,552,31
003 DP - Campos Elísios,"[-23.539323, -46.6397243]",2001,Jan,1,1,0,0,0,0,2,0,18,21,2,0,0,2,,,258,,7,0,1,476,36
003 DP - Campos Elísios,"[-23.539323, -46.6397243]",2001,Fev,0,0,0,0,0,0,7,0,44,24,2,0,0,1,,,282,,8,0,2,469,40
003 DP - Campos Elísios,"[-23.539323, -46.6397243]",2001,Mar,1,1,0,0,0,0,4,0,30,19,2,0,0,0,,,278,,10,0,3,487,54
003 DP - Campos Elísios,"[-23.539323, -46.6397243]",2001,Abr,1,1,0,0,0,0,0,0,38,16,2,0,0,1,,,283,,7,1,3,446,35
003 DP - Campos Elísios,"[-23.539323, -46.6397243]",2001,Mai,6,6,0,0,0,0,1,0,35,22,2,0,0,1,,,290,,2,0,0,480,30
003 DP - Campos Elísios,"[-23.539323, -46.6397243]",2001,Jun,4,4,0,0,0,0,4,0,34,22,5,0,0,0,,,292,,4,0,0,430,19
003 DP - Campos Elísios,"[-23.539323, -46.6397243]",2001,Jul,2,2,0,0,0,0,2,0,31,27,3,0,0,0,,,301,,6,0,3,496,34
003 DP - Campos Elísios,"[-23.539323, -46.6397243]",2001,Ago,0,0,0,0,2,0,0,0,27,27,1,0,0,0,,,365,,8,0,7,516,40
003 DP - Campos Elísios,"[-23.539323, -46.6397243]",2001,Set,2,2,0,0,2,0,0,0,32,23,1,0,0,4,,,324,,12,0,3,545,30
003 DP - Campos Elísios,"[-23.539323, -46.6397243]",2001,Out,2,2,0,0,1,0,5,0,29,31,2,0,0,0,,,321,,16,1,5,616,24
003 DP - Campos Elísios,"[-23.539323, -46.6397243]",2001,Nov,1,1,0,0,0,0,2,0,33,19,4,0,0,0,,,415,,12,1,5,602,32
003 DP - Campos Elísios,"[-23.539323, -46.6397243]",2001,Dez,3,3,0,0,0,0,0,0,45,27,2,0,0,0,,,343,,2,1,3,604,34
